-- =====================================================
-- Migration 002: Full Taxonomy Seed (62 categories, 207 services)
-- Generated from Categories_Services.xlsx
-- =====================================================

BEGIN;

-- Step 1: Add new columns to categories
ALTER TABLE categories ADD COLUMN IF NOT EXISTS first_question TEXT;
ALTER TABLE categories ADD COLUMN IF NOT EXISTS second_question TEXT;
ALTER TABLE categories ADD COLUMN IF NOT EXISTS source_id INTEGER;
ALTER TABLE categories ADD COLUMN IF NOT EXISTS is_active BOOLEAN DEFAULT true;

-- Step 2: Add new columns to services
ALTER TABLE services ADD COLUMN IF NOT EXISTS service_code VARCHAR(100);
ALTER TABLE services ADD COLUMN IF NOT EXISTS is_popular BOOLEAN DEFAULT false;
ALTER TABLE services ADD COLUMN IF NOT EXISTS sort_order INTEGER DEFAULT 0;

-- Step 3: Replace question_sets with new schema (drop old M001 version)
DROP TABLE IF EXISTS question_set_versions CASCADE;
DROP TABLE IF EXISTS question_sets CASCADE;

CREATE TABLE question_sets (
    id UUID PRIMARY KEY DEFAULT gen_random_uuid(),
    service_id UUID NOT NULL REFERENCES services(id) ON DELETE CASCADE,
    version INTEGER NOT NULL DEFAULT 1,
    questions JSONB NOT NULL DEFAULT '[]',
    is_active BOOLEAN NOT NULL DEFAULT true,
    created_at TIMESTAMP DEFAULT CURRENT_TIMESTAMP,
    updated_at TIMESTAMP DEFAULT CURRENT_TIMESTAMP,
    UNIQUE(service_id, version)
);
CREATE INDEX IF NOT EXISTS idx_question_sets_service_id ON question_sets(service_id);

-- Step 4: Clean slate - delete existing services and categories
-- question_sets cascades from services
DELETE FROM question_sets;
DELETE FROM services;
DELETE FROM categories;

-- Step 5: Insert all 62 categories
INSERT INTO categories (id, vertical_id, name, slug, first_question, second_question, source_id, is_active) VALUES ('b8aa488e-940d-4f7b-85ae-6ab3975c12a2', '7cbbee1b-7078-49d9-b16c-1301053a3286', 'Plumbing', 'plumbing', 'What type of plumbing project is this?', NULL, 1, true);
INSERT INTO categories (id, vertical_id, name, slug, first_question, second_question, source_id, is_active) VALUES ('8413a48c-29d1-4e63-ba00-f5d22b0025e0', '7cbbee1b-7078-49d9-b16c-1301053a3286', 'Tile Work', 'tile-work', 'What tile service are you looking for?', NULL, 2, true);
INSERT INTO categories (id, vertical_id, name, slug, first_question, second_question, source_id, is_active) VALUES ('38b76c2b-4c1d-4c5e-8e25-8ece0278a627', '7cbbee1b-7078-49d9-b16c-1301053a3286', 'Engineers', 'engineers', 'What service are you looking for?', NULL, 4, true);
INSERT INTO categories (id, vertical_id, name, slug, first_question, second_question, source_id, is_active) VALUES ('42f2fca1-143b-4e72-b511-f81c38f50b7f', '7cbbee1b-7078-49d9-b16c-1301053a3286', 'Additions and Remodels', 'additions-and-remodels', 'What type of project is this?', NULL, 7, true);
INSERT INTO categories (id, vertical_id, name, slug, first_question, second_question, source_id, is_active) VALUES ('666cf334-6f9b-42aa-bb07-902f0915ad8d', '7cbbee1b-7078-49d9-b16c-1301053a3286', 'HVAC', 'hvac', 'What type of project is this?', NULL, 8, true);
INSERT INTO categories (id, vertical_id, name, slug, first_question, second_question, source_id, is_active) VALUES ('bae3de43-82c6-409b-b694-b27fc4443625', '7cbbee1b-7078-49d9-b16c-1301053a3286', 'Handyman', 'handyman', 'What type of handyman project is this?', NULL, 9, true);
INSERT INTO categories (id, vertical_id, name, slug, first_question, second_question, source_id, is_active) VALUES ('2dcb8ce0-7968-4ae5-bcf3-2024d68b24ae', '7cbbee1b-7078-49d9-b16c-1301053a3286', 'Electrical', 'electrical', 'What type of electrical project is this?', NULL, 10, true);
INSERT INTO categories (id, vertical_id, name, slug, first_question, second_question, source_id, is_active) VALUES ('45e9c67f-1857-4007-8ee3-fb5def4b434a', '7cbbee1b-7078-49d9-b16c-1301053a3286', 'Fences', 'fences', 'What type of fence is it?', NULL, 11, true);
INSERT INTO categories (id, vertical_id, name, slug, first_question, second_question, source_id, is_active) VALUES ('cd8d55a4-8521-491a-98ef-868224f41c1b', '7cbbee1b-7078-49d9-b16c-1301053a3286', 'Painting', 'painting', 'What type of painting project is this?', NULL, 12, true);
INSERT INTO categories (id, vertical_id, name, slug, first_question, second_question, source_id, is_active) VALUES ('ed7ab5ea-3def-4f26-a7b4-84460b7c3d14', '7cbbee1b-7078-49d9-b16c-1301053a3286', 'Drywall', 'drywall', 'What type of drywall project is this?', NULL, 13, true);
INSERT INTO categories (id, vertical_id, name, slug, first_question, second_question, source_id, is_active) VALUES ('cab3aa5c-634a-476b-a06c-705008564749', '7cbbee1b-7078-49d9-b16c-1301053a3286', 'Landscaping', 'landscaping', 'What type of project is this?', NULL, 14, true);
INSERT INTO categories (id, vertical_id, name, slug, first_question, second_question, source_id, is_active) VALUES ('b3a819f6-0e46-4989-bea7-f69e21f0fe32', '7cbbee1b-7078-49d9-b16c-1301053a3286', 'Roofing', 'roofing', 'What roofing service are you looking for?', 'What roofing material?', 15, true);
INSERT INTO categories (id, vertical_id, name, slug, first_question, second_question, source_id, is_active) VALUES ('34349dc7-be9b-47da-9165-03984c3524ab', '7cbbee1b-7078-49d9-b16c-1301053a3286', 'Carpentry', 'carpentry', 'What service are you looking for?', NULL, 16, true);
INSERT INTO categories (id, vertical_id, name, slug, first_question, second_question, source_id, is_active) VALUES ('f36671ca-1967-4b86-a8d0-4e52b2034d77', '7cbbee1b-7078-49d9-b16c-1301053a3286', 'Solar Energy', 'solar-energy', 'What type of solar energy project is this?', NULL, 17, true);
INSERT INTO categories (id, vertical_id, name, slug, first_question, second_question, source_id, is_active) VALUES ('70166348-a59c-428e-93ad-4bb4627a6381', '7cbbee1b-7078-49d9-b16c-1301053a3286', 'Decks and Porches', 'decks-and-porches', 'What type of project is this?', NULL, 18, true);
INSERT INTO categories (id, vertical_id, name, slug, first_question, second_question, source_id, is_active) VALUES ('60a674e2-45fe-46fe-8e31-c013f8dbba44', '7cbbee1b-7078-49d9-b16c-1301053a3286', 'Walls', 'walls', 'What type of wall service are you looking for?', NULL, 19, true);
INSERT INTO categories (id, vertical_id, name, slug, first_question, second_question, source_id, is_active) VALUES ('afbd154b-f87f-4beb-a17c-db2d06a729e1', '7cbbee1b-7078-49d9-b16c-1301053a3286', 'Flooring', 'flooring', 'What type of flooring?', 'What flooring material?', 20, true);
INSERT INTO categories (id, vertical_id, name, slug, first_question, second_question, source_id, is_active) VALUES ('c7c07619-3c08-43ae-ab9e-644b26d73d5d', '7cbbee1b-7078-49d9-b16c-1301053a3286', 'Siding', 'siding', 'What siding material are you looking for?', NULL, 21, true);
INSERT INTO categories (id, vertical_id, name, slug, first_question, second_question, source_id, is_active) VALUES ('def51b8a-d914-4bd2-b9f8-e2478e3c3425', '7cbbee1b-7078-49d9-b16c-1301053a3286', 'Swimming Pools', 'swimming-pools', 'What type of project is this?', NULL, 22, true);
INSERT INTO categories (id, vertical_id, name, slug, first_question, second_question, source_id, is_active) VALUES ('f5c840d5-f6aa-4b24-b169-e3570ee4e84b', '7cbbee1b-7078-49d9-b16c-1301053a3286', 'Bathroom Remodeling', 'bathroom-remodeling', 'What type of project is this?', NULL, 23, true);
INSERT INTO categories (id, vertical_id, name, slug, first_question, second_question, source_id, is_active) VALUES ('a7af02b9-2504-427d-8708-b18e7c1e080c', '7cbbee1b-7078-49d9-b16c-1301053a3286', 'Cleaning', 'cleaning', 'What type of cleaning are you looking for?', NULL, 24, true);
INSERT INTO categories (id, vertical_id, name, slug, first_question, second_question, source_id, is_active) VALUES ('a7dc18b3-4cdb-4f0e-a961-78b505d99117', '7cbbee1b-7078-49d9-b16c-1301053a3286', 'Custom Homes', 'custom-homes', 'What type of project is this?', NULL, 25, true);
INSERT INTO categories (id, vertical_id, name, slug, first_question, second_question, source_id, is_active) VALUES ('3a513e11-e4cd-4b33-b97b-3c50977d2505', '7cbbee1b-7078-49d9-b16c-1301053a3286', 'Architects', 'architects', 'What service are you looking for?', NULL, 26, true);
INSERT INTO categories (id, vertical_id, name, slug, first_question, second_question, source_id, is_active) VALUES ('7f988268-e0fd-4e5b-a5e4-4eee5f32335c', '7cbbee1b-7078-49d9-b16c-1301053a3286', 'Decorators and Designers', 'decorators-and-designers', 'What type of designer are you looking for?', NULL, 27, true);
INSERT INTO categories (id, vertical_id, name, slug, first_question, second_question, source_id, is_active) VALUES ('de377b1f-87cb-4f38-a6a8-fcdc0f22c871', '7cbbee1b-7078-49d9-b16c-1301053a3286', 'Kitchen Remodeling', 'kitchen-remodeling', 'What type of kitchen remodeling project is this?', NULL, 28, true);
INSERT INTO categories (id, vertical_id, name, slug, first_question, second_question, source_id, is_active) VALUES ('f92d518a-de95-4c3e-a394-c0e8978e56c7', '7cbbee1b-7078-49d9-b16c-1301053a3286', 'Foundations', 'foundations', 'What type of foundation project is this?', NULL, 29, true);
INSERT INTO categories (id, vertical_id, name, slug, first_question, second_question, source_id, is_active) VALUES ('c4a56d3c-1053-41fe-bc19-aa9441cfb513', '7cbbee1b-7078-49d9-b16c-1301053a3286', 'Windows', 'windows', 'What type of window project do you have?', NULL, 30, true);
INSERT INTO categories (id, vertical_id, name, slug, first_question, second_question, source_id, is_active) VALUES ('55f1280d-885b-49ca-a50f-b5de9ec6062f', '7cbbee1b-7078-49d9-b16c-1301053a3286', 'Doors', 'doors', 'What service are you looking for?', NULL, 31, true);
INSERT INTO categories (id, vertical_id, name, slug, first_question, second_question, source_id, is_active) VALUES ('1c6e1811-fdb5-49f5-be61-ec90317a44db', '7cbbee1b-7078-49d9-b16c-1301053a3286', 'Home Security', 'home-security', 'What type of home security project is this?', NULL, 32, true);
INSERT INTO categories (id, vertical_id, name, slug, first_question, second_question, source_id, is_active) VALUES ('93bf03c3-a80c-4802-be85-ff3b4a6c48a7', '7cbbee1b-7078-49d9-b16c-1301053a3286', 'Garage Doors', 'garage-doors', 'What type of project is this?', NULL, 33, true);
INSERT INTO categories (id, vertical_id, name, slug, first_question, second_question, source_id, is_active) VALUES ('4dbe34c4-c25f-44d9-92ed-0dc9c4ea008e', '7cbbee1b-7078-49d9-b16c-1301053a3286', 'Carpet', 'carpet', 'What service are you looking for?', NULL, 34, true);
INSERT INTO categories (id, vertical_id, name, slug, first_question, second_question, source_id, is_active) VALUES ('caa3ccb8-66ea-4665-adbc-caffa1ac8a73', '7cbbee1b-7078-49d9-b16c-1301053a3286', 'Sunrooms', 'sunrooms', 'What type of project is this?', NULL, 35, true);
INSERT INTO categories (id, vertical_id, name, slug, first_question, second_question, source_id, is_active) VALUES ('cbb245e3-1a23-4e78-bbc3-aed1576f662a', '7cbbee1b-7078-49d9-b16c-1301053a3286', 'Pest Control', 'pest-control', 'What type of pests do you have?', NULL, 37, true);
INSERT INTO categories (id, vertical_id, name, slug, first_question, second_question, source_id, is_active) VALUES ('b0defb48-1ed8-4d44-a98c-15e9742d6962', '7cbbee1b-7078-49d9-b16c-1301053a3286', 'Insulation', 'insulation', 'What type of insulation are you looking for?', NULL, 166, true);
INSERT INTO categories (id, vertical_id, name, slug, first_question, second_question, source_id, is_active) VALUES ('e4fd2cf4-1ff9-478c-8b1c-a6426838ebd6', '7cbbee1b-7078-49d9-b16c-1301053a3286', 'Junk Removal', 'junk-removal', 'What type of junk removal project is this?', NULL, 183, true);
INSERT INTO categories (id, vertical_id, name, slug, first_question, second_question, source_id, is_active) VALUES ('1a793d1c-085b-465d-8f0d-87ccc0d8f70e', '7cbbee1b-7078-49d9-b16c-1301053a3286', 'Rental Services', 'rental-services', 'What type of rental are you looking for?', NULL, 184, true);
INSERT INTO categories (id, vertical_id, name, slug, first_question, second_question, source_id, is_active) VALUES ('bc0a43c8-976e-4c07-8b1c-24c1e389849d', '7cbbee1b-7078-49d9-b16c-1301053a3286', 'Demolition', 'demolition', 'What demolition service are you looking for?', NULL, 186, true);
INSERT INTO categories (id, vertical_id, name, slug, first_question, second_question, source_id, is_active) VALUES ('e3995f6c-bcac-4a5e-8ad4-f692ee6364af', '7cbbee1b-7078-49d9-b16c-1301053a3286', 'Countertops', 'countertops', 'What countertop material are you looking for?', NULL, 187, true);
INSERT INTO categories (id, vertical_id, name, slug, first_question, second_question, source_id, is_active) VALUES ('b5760876-2bbd-4b44-9f71-e091347c3fa6', '7cbbee1b-7078-49d9-b16c-1301053a3286', 'Carpet Cleaning', 'carpet-cleaning', 'What service are you looking for?', NULL, 188, true);
INSERT INTO categories (id, vertical_id, name, slug, first_question, second_question, source_id, is_active) VALUES ('ac8852db-e379-451a-8202-0023f9bc73fa', '7cbbee1b-7078-49d9-b16c-1301053a3286', 'Window Cleaning', 'window-cleaning', 'What type of service are you looking for?', NULL, 189, true);
INSERT INTO categories (id, vertical_id, name, slug, first_question, second_question, source_id, is_active) VALUES ('f3da7af3-1b16-470d-87f6-f08be28a50fd', '7cbbee1b-7078-49d9-b16c-1301053a3286', 'Chimney Sweeping', 'chimney-sweeping', 'What service are you looking for?', NULL, 190, true);
INSERT INTO categories (id, vertical_id, name, slug, first_question, second_question, source_id, is_active) VALUES ('64ac3d94-b55d-4a4e-aa67-1d7bbeb2c518', '7cbbee1b-7078-49d9-b16c-1301053a3286', 'Pressure Cleaning', 'pressure-cleaning', 'What service are you looking for?', NULL, 191, true);
INSERT INTO categories (id, vertical_id, name, slug, first_question, second_question, source_id, is_active) VALUES ('64684e61-f62a-47d4-9158-d05cdcd71c26', '7cbbee1b-7078-49d9-b16c-1301053a3286', 'Masonry', 'masonry', 'What type of masonry project is this?', NULL, 192, true);
INSERT INTO categories (id, vertical_id, name, slug, first_question, second_question, source_id, is_active) VALUES ('9e18ffba-acce-47a8-98b5-613ba12dd212', '7cbbee1b-7078-49d9-b16c-1301053a3286', 'Tree Service', 'tree-service', 'What service are you looking for?', NULL, 193, true);
INSERT INTO categories (id, vertical_id, name, slug, first_question, second_question, source_id, is_active) VALUES ('fc445ceb-5fa8-4d72-a417-063734defd56', '7cbbee1b-7078-49d9-b16c-1301053a3286', 'Gutters', 'gutters', 'What is the nature of your gutter project?', NULL, 194, true);
INSERT INTO categories (id, vertical_id, name, slug, first_question, second_question, source_id, is_active) VALUES ('0fd225af-e934-40cd-a960-6d6c2b281a0f', '7cbbee1b-7078-49d9-b16c-1301053a3286', 'Asbestos', 'asbestos', 'What asbestos service are you looking for?', NULL, 195, true);
INSERT INTO categories (id, vertical_id, name, slug, first_question, second_question, source_id, is_active) VALUES ('6d3e2464-4389-4e6b-8009-eab567c512e5', '7cbbee1b-7078-49d9-b16c-1301053a3286', 'Toxic Materials', 'toxic-materials', 'What service are you looking for?', NULL, 196, true);
INSERT INTO categories (id, vertical_id, name, slug, first_question, second_question, source_id, is_active) VALUES ('8fe3ede4-0e89-4bc3-b5e3-8d6942937d76', '7cbbee1b-7078-49d9-b16c-1301053a3286', 'Locksmiths', 'locksmiths', 'Where do you need locksmith services?', NULL, 197, true);
INSERT INTO categories (id, vertical_id, name, slug, first_question, second_question, source_id, is_active) VALUES ('4e4d7547-749a-4259-acc7-17e72c50c0ff', '7cbbee1b-7078-49d9-b16c-1301053a3286', 'Home Inspections', 'home-inspections', 'What type of inspection are you looking for?', NULL, 198, true);
INSERT INTO categories (id, vertical_id, name, slug, first_question, second_question, source_id, is_active) VALUES ('76794a49-44d6-435a-a8da-098b0e458564', '7cbbee1b-7078-49d9-b16c-1301053a3286', 'Cabinets', 'cabinets', 'What type of cabinets project is this?', NULL, 199, true);
INSERT INTO categories (id, vertical_id, name, slug, first_question, second_question, source_id, is_active) VALUES ('ae321b44-9923-4b98-a7a8-0b5a3fe83330', '7cbbee1b-7078-49d9-b16c-1301053a3286', 'Concrete', 'concrete', 'What service are you looking for?', NULL, 200, true);
INSERT INTO categories (id, vertical_id, name, slug, first_question, second_question, source_id, is_active) VALUES ('2209e266-443b-4e47-bee8-453bf5023f09', '7cbbee1b-7078-49d9-b16c-1301053a3286', 'Home Appraisals', 'home-appraisals', 'What type of project is this?', NULL, 201, true);
INSERT INTO categories (id, vertical_id, name, slug, first_question, second_question, source_id, is_active) VALUES ('ec174d64-644a-470a-8313-139fddc9c75d', '7cbbee1b-7078-49d9-b16c-1301053a3286', 'Mold', 'mold', 'What type of mold project is this?', NULL, 202, true);
INSERT INTO categories (id, vertical_id, name, slug, first_question, second_question, source_id, is_active) VALUES ('9f354560-69f6-4153-bd93-9be354eb358b', '7cbbee1b-7078-49d9-b16c-1301053a3286', 'Portable Toilets', 'portable-toilets', 'What portable toilets are you looking for?', NULL, 203, true);
INSERT INTO categories (id, vertical_id, name, slug, first_question, second_question, source_id, is_active) VALUES ('cf19231a-4950-48c8-b603-8b34449aa449', '7cbbee1b-7078-49d9-b16c-1301053a3286', 'Dumpster Rental', 'dumpster-rental', 'What type of dumpster rental project is this?', NULL, 204, true);
INSERT INTO categories (id, vertical_id, name, slug, first_question, second_question, source_id, is_active) VALUES ('e07cec0b-696c-40c7-9c55-7ad3ae50acd3', '7cbbee1b-7078-49d9-b16c-1301053a3286', 'Basement Waterproofing', 'basement-waterproofing', 'What service are you looking for?', NULL, 205, true);
INSERT INTO categories (id, vertical_id, name, slug, first_question, second_question, source_id, is_active) VALUES ('b915335f-bfd5-4e6f-8454-5780fe002b9e', '7cbbee1b-7078-49d9-b16c-1301053a3286', 'Water Damage Restoration', 'water-damage-restoration', 'What type of service are you looking for?', NULL, 206, true);
INSERT INTO categories (id, vertical_id, name, slug, first_question, second_question, source_id, is_active) VALUES ('7c836309-829c-4893-92be-eedb76267d74', '7cbbee1b-7078-49d9-b16c-1301053a3286', 'Appliances', 'appliances', 'What service are you looking for?', NULL, 207, true);
INSERT INTO categories (id, vertical_id, name, slug, first_question, second_question, source_id, is_active) VALUES ('d46fc3a4-a93a-4f30-bdad-b40bc729c6a1', '7cbbee1b-7078-49d9-b16c-1301053a3286', 'Furniture', 'furniture', 'What service are you looking for?', NULL, 208, true);
INSERT INTO categories (id, vertical_id, name, slug, first_question, second_question, source_id, is_active) VALUES ('47a3b03b-1724-45eb-a635-989c5dffe8e1', '7cbbee1b-7078-49d9-b16c-1301053a3286', 'Home Media', 'home-media', 'What service are you looking for?', NULL, 209, true);
INSERT INTO categories (id, vertical_id, name, slug, first_question, second_question, source_id, is_active) VALUES ('bb57863c-c8a8-4ba3-97e5-333ef4b21541', '7cbbee1b-7078-49d9-b16c-1301053a3286', 'Welders', 'welders', 'What service are you looking for?', NULL, 210, true);
INSERT INTO categories (id, vertical_id, name, slug, first_question, second_question, source_id, is_active) VALUES ('10b4c9b9-bd99-4b10-9b0e-46f11b0d402b', '7cbbee1b-7078-49d9-b16c-1301053a3286', 'Window Tint', 'window-tint', 'What service are you looking for?', NULL, 212, true);

-- Step 6: Insert all 207 services with question sets
-- Category: Plumbing (8 services)
INSERT INTO services (id, category_id, name, slug, service_code, is_popular, sort_order) VALUES ('07812594-5a10-41d7-a508-5b2bb3c7302e', 'b8aa488e-940d-4f7b-85ae-6ab3975c12a2', 'Drain Cleaning', 'drain-cleaning', 'DRAIN_CLEANING', false, 0);
INSERT INTO services (id, category_id, name, slug, service_code, is_popular, sort_order) VALUES ('37afcf34-2098-419d-a92a-cf19e571c589', 'b8aa488e-940d-4f7b-85ae-6ab3975c12a2', 'Install/Repair Water Heater', 'installrepair-water-heater', 'WATER_HEATER', true, 0);
INSERT INTO services (id, category_id, name, slug, service_code, is_popular, sort_order) VALUES ('10ff91a8-03dd-4a8a-b56d-d2380130ba0d', 'b8aa488e-940d-4f7b-85ae-6ab3975c12a2', 'Plumbing Work', 'plumbing-work', 'PLUMBING', true, 0);
INSERT INTO question_sets (id, service_id, version, questions, is_active) VALUES ('51014cb3-0b7a-4f1b-b5ea-6ff710861124', '10ff91a8-03dd-4a8a-b56d-d2380130ba0d', 1, '[{"position": 1, "text": "What is the nature of your plumbing project?", "attribute": "PlumbingProjectScope", "answers": [{"display": "Install new plumbing", "criteria": "Install"}, {"display": "Repair existing plumbing", "criteria": "Repair"}]}]'::jsonb, true);
INSERT INTO services (id, category_id, name, slug, service_code, is_popular, sort_order) VALUES ('a4550731-bae0-4c7f-a21d-2f2b85f5fbe9', 'b8aa488e-940d-4f7b-85ae-6ab3975c12a2', 'Septic System - Install or Replace', 'septic-system-install-or-replace', 'SEPTIC_SEWER', true, 0);
INSERT INTO services (id, category_id, name, slug, service_code, is_popular, sort_order) VALUES ('5c8d5dbb-f834-4a9b-89cc-24dbb7c49717', 'b8aa488e-940d-4f7b-85ae-6ab3975c12a2', 'Septic System - Repair', 'septic-system-repair', 'SEPTIC_SEWER_REPAIR', false, 0);
INSERT INTO services (id, category_id, name, slug, service_code, is_popular, sort_order) VALUES ('b1398195-d9ae-4403-a4ad-3ddc83c38362', 'b8aa488e-940d-4f7b-85ae-6ab3975c12a2', 'Septic Tanks - Clean or Pump Out', 'septic-tanks-clean-or-pump-out', 'SEPTIC_SEWER_CLEAN', true, 0);
INSERT INTO services (id, category_id, name, slug, service_code, is_popular, sort_order) VALUES ('4321c676-d64a-421c-8b45-3bf1a8acec9d', 'b8aa488e-940d-4f7b-85ae-6ab3975c12a2', 'Sewer/Water Main', 'sewerwater-main', 'SEWER_WATER_MAIN', false, 0);
INSERT INTO services (id, category_id, name, slug, service_code, is_popular, sort_order) VALUES ('1c6780c2-03e1-466f-ab69-fc7c81f8d321', 'b8aa488e-940d-4f7b-85ae-6ab3975c12a2', 'Well Pumps', 'well-pumps', 'WELL_PUMPS', false, 0);
INSERT INTO question_sets (id, service_id, version, questions, is_active) VALUES ('2c54be8a-67ca-429b-a92e-7e2d4bbeaba1', '1c6780c2-03e1-466f-ab69-fc7c81f8d321', 1, '[{"position": 1, "text": "What is the nature of your well pump project?", "attribute": "ProjectScope", "answers": [{"display": "Install Pump", "criteria": "Install"}, {"display": "Repair Pump", "criteria": "Repair"}]}]'::jsonb, true);

-- Category: Tile Work (3 services)
INSERT INTO services (id, category_id, name, slug, service_code, is_popular, sort_order) VALUES ('443f652b-efcd-456e-980d-aca6039a388a', '8413a48c-29d1-4e63-ba00-f5d22b0025e0', 'Exterior Tile Work', 'exterior-tile-work', 'TILE_EXTERIOR', true, 0);
INSERT INTO services (id, category_id, name, slug, service_code, is_popular, sort_order) VALUES ('9fa68ebc-4789-410c-8173-cfe2c14bc146', '8413a48c-29d1-4e63-ba00-f5d22b0025e0', 'Interior Tile Work', 'interior-tile-work', 'TILE_INTERIOR', true, 0);
INSERT INTO services (id, category_id, name, slug, service_code, is_popular, sort_order) VALUES ('dccc69e4-64d1-4c1e-aa26-716f3cdbd17b', '8413a48c-29d1-4e63-ba00-f5d22b0025e0', 'Tile/Grout Cleaning', 'tilegrout-cleaning', 'TILE_CLEANING', true, 0);

-- Category: Engineers (1 services)
INSERT INTO services (id, category_id, name, slug, service_code, is_popular, sort_order) VALUES ('72f328f2-038d-407c-8ca9-35c89e6145e2', '38b76c2b-4c1d-4c5e-8e25-8ece0278a627', 'Engineers', 'engineers', 'ENGINEERS', false, 0);

-- Category: Additions and Remodels (4 services)
INSERT INTO services (id, category_id, name, slug, service_code, is_popular, sort_order) VALUES ('3fefedac-48de-431d-97e7-acfe8b214638', '42f2fca1-143b-4e72-b511-f81c38f50b7f', 'Additions and Remodeling', 'additions-and-remodeling', 'REMODELING', true, 0);
INSERT INTO services (id, category_id, name, slug, service_code, is_popular, sort_order) VALUES ('aa81ddea-cd88-4109-a28a-04f80c5311b1', '42f2fca1-143b-4e72-b511-f81c38f50b7f', 'Basement Remodeling', 'basement-remodeling', 'BASEMENT_REMODELING', true, 0);
INSERT INTO services (id, category_id, name, slug, service_code, is_popular, sort_order) VALUES ('76cb4e99-78d4-46a8-beb2-df8a4ddd1441', '42f2fca1-143b-4e72-b511-f81c38f50b7f', 'Garage Remodeling', 'garage-remodeling', 'GARAGE_REMODEL', false, 0);
INSERT INTO question_sets (id, service_id, version, questions, is_active) VALUES ('371d6763-5ba2-4854-972e-7d333f8fe219', '76cb4e99-78d4-46a8-beb2-df8a4ddd1441', 1, '[{"position": 1, "text": "What kind of location is this?", "attribute": "CommercialLocation", "answers": [{"display": "Business", "criteria": "Business"}, {"display": "Home", "criteria": "Home"}]}]'::jsonb, true);
INSERT INTO services (id, category_id, name, slug, service_code, is_popular, sort_order) VALUES ('b59a8840-835e-4118-8ee9-e75de251c543', '42f2fca1-143b-4e72-b511-f81c38f50b7f', 'Room Additions', 'room-additions', 'ROOM_ADDITIONS', true, 0);

-- Category: HVAC (5 services)
INSERT INTO services (id, category_id, name, slug, service_code, is_popular, sort_order) VALUES ('efd8c37f-c629-44c4-9b56-1aceb6a0d357', '666cf334-6f9b-42aa-bb07-902f0915ad8d', 'Air Quality Test', 'air-quality-test', 'AIR_QUALITY_TEST', false, 0);
INSERT INTO services (id, category_id, name, slug, service_code, is_popular, sort_order) VALUES ('c7657502-8136-4e3a-b32c-f31081f93f83', '666cf334-6f9b-42aa-bb07-902f0915ad8d', 'Boiler/Radiator', 'boilerradiator', 'HVAC_BOILER_RADIATOR', false, 0);
INSERT INTO question_sets (id, service_id, version, questions, is_active) VALUES ('e0532a68-b269-493b-8a29-23988163b0b0', 'c7657502-8136-4e3a-b32c-f31081f93f83', 1, '[{"position": 1, "text": "What type of HVAC project are you interested in?", "attribute": "HVACInterest", "answers": [{"display": "Install Boiler/Radiator", "criteria": "Install Boiler/Radiator"}, {"display": "Repair Boiler/Radiator", "criteria": "Repair Boiler/Radiator"}]}, {"position": 2, "text": "What type of Boiler/Radiator system do you want?", "attribute": "BoilerSystemInstallType", "answers": [{"display": "Propane Gas", "criteria": "PropaneGas"}, {"display": "Natural Gas", "criteria": "NaturalGas"}, {"display": "Do Not Know", "criteria": "Do Not Know"}, {"display": "Electric", "criteria": "Electric"}, {"display": "Oil", "criteria": "Oil"}]}]'::jsonb, true);
INSERT INTO services (id, category_id, name, slug, service_code, is_popular, sort_order) VALUES ('c78fbe37-21a4-4184-b2fb-3552d7e0bdd9', '666cf334-6f9b-42aa-bb07-902f0915ad8d', 'Central AC', 'central-ac', 'HVAC_CENTRAL_AC', true, 0);
INSERT INTO question_sets (id, service_id, version, questions, is_active) VALUES ('729abe6e-d1b9-4129-b523-b4dd180e0337', 'c78fbe37-21a4-4184-b2fb-3552d7e0bdd9', 1, '[{"position": 1, "text": "What type of HVAC project are you interested in?", "attribute": "HVACInterest", "answers": [{"display": "Install Central AC", "criteria": "Install Central AC"}, {"display": "Repair Central AC", "criteria": "Repair Central AC"}]}]'::jsonb, true);
INSERT INTO services (id, category_id, name, slug, service_code, is_popular, sort_order) VALUES ('565dacce-8d0d-48dc-89d8-6e3c3719f348', '666cf334-6f9b-42aa-bb07-902f0915ad8d', 'Central Heating', 'central-heating', 'HVAC_HEATING', false, 0);
INSERT INTO question_sets (id, service_id, version, questions, is_active) VALUES ('a8253d7b-c0d9-48ac-a7b3-060e9bbee8b2', '565dacce-8d0d-48dc-89d8-6e3c3719f348', 1, '[{"position": 1, "text": "What type of HVAC project are you interested in?", "attribute": "HVACInterest", "answers": [{"display": "Install Central Heating", "criteria": "Install Central Heating"}, {"display": "Repair Central Heating", "criteria": "Repair Central Heating"}]}, {"position": 2, "text": "What type of central heating system do you want?", "attribute": "CentralHeatingInstallType", "answers": [{"display": "Propane Gas", "criteria": "PropaneGas"}, {"display": "Natural Gas", "criteria": "NaturalGas"}, {"display": "Do Not Know", "criteria": "Do Not Know"}, {"display": "Electric", "criteria": "Electric"}, {"display": "Oil", "criteria": "Oil"}]}]'::jsonb, true);
INSERT INTO services (id, category_id, name, slug, service_code, is_popular, sort_order) VALUES ('4d2506b1-0be5-470f-bd61-5ff807ab1be4', '666cf334-6f9b-42aa-bb07-902f0915ad8d', 'Ducts & Vents', 'ducts-vents', 'HVAC_DUCTS_AND_VENTS', true, 0);
INSERT INTO question_sets (id, service_id, version, questions, is_active) VALUES ('03a0a803-42f1-46c0-94d5-fb59b20ab9c3', '4d2506b1-0be5-470f-bd61-5ff807ab1be4', 1, '[{"position": 1, "text": "What is the nature of the ductwork project", "attribute": "HVACInterest", "answers": [{"display": "Install new ductwork", "criteria": "Install new ductwork"}, {"display": "Clean ducts and vents", "criteria": "Clean ducts and vents"}]}]'::jsonb, true);

-- Category: Handyman (14 services)
INSERT INTO services (id, category_id, name, slug, service_code, is_popular, sort_order) VALUES ('ea253e01-16b1-488d-bc99-4dcf6e7967fc', 'bae3de43-82c6-409b-b694-b27fc4443625', 'Bathroom Repair', 'bathroom-repair', 'HANDYMAN_BATHROOM', false, 0);
INSERT INTO question_sets (id, service_id, version, questions, is_active) VALUES ('65454210-b9bb-4fbd-beca-f85c72ba3aed', 'ea253e01-16b1-488d-bc99-4dcf6e7967fc', 1, '[{"position": 1, "text": "What kind of service are you looking for?", "attribute": "ServiceType", "answers": [{"display": "Tile Repair", "criteria": "Tile Repair"}, {"display": "Faucet Repair Services", "criteria": "Faucet Repair Services"}, {"display": "Other Services", "criteria": "Other Services"}]}]'::jsonb, true);
INSERT INTO services (id, category_id, name, slug, service_code, is_popular, sort_order) VALUES ('c43851ad-b0e7-473c-96f5-a6ac451f3145', 'bae3de43-82c6-409b-b694-b27fc4443625', 'Dryer Vent Cleaning', 'dryer-vent-cleaning', 'DRYER_VENT_CLEANING', false, 0);
INSERT INTO services (id, category_id, name, slug, service_code, is_popular, sort_order) VALUES ('8457f54a-4b52-4e97-ab37-25215397d050', 'bae3de43-82c6-409b-b694-b27fc4443625', 'Electrical', 'electrical', 'HANDYMAN_ELECTRICAL', false, 0);
INSERT INTO question_sets (id, service_id, version, questions, is_active) VALUES ('5cacbb47-f034-4c61-a48d-9e720e65efdf', '8457f54a-4b52-4e97-ab37-25215397d050', 1, '[{"position": 1, "text": "What kind of service are you looking for?", "attribute": "ServiceType", "answers": [{"display": "Install Electrical", "criteria": "Install Electrical"}, {"display": "Repair Electrical", "criteria": "Repair Electrical"}]}]'::jsonb, true);
INSERT INTO services (id, category_id, name, slug, service_code, is_popular, sort_order) VALUES ('60cd3fba-b324-4b6b-a674-e6e6d6e2739f', 'bae3de43-82c6-409b-b694-b27fc4443625', 'Glass Repair or Install', 'glass-repair-or-install', 'GLASS_REPAIR', false, 0);
INSERT INTO question_sets (id, service_id, version, questions, is_active) VALUES ('afc284d7-8cfe-4957-be2c-f372974ad1f6', '60cd3fba-b324-4b6b-a674-e6e6d6e2739f', 1, '[{"position": 1, "text": "What kind of location is this?", "attribute": "CommercialLocation", "answers": [{"display": "Home", "criteria": "Home"}, {"display": "Business", "criteria": "Business"}]}]'::jsonb, true);
INSERT INTO services (id, category_id, name, slug, service_code, is_popular, sort_order) VALUES ('a4272a45-7db1-44a4-baa8-db449be62801', 'bae3de43-82c6-409b-b694-b27fc4443625', 'Handyman Services', 'handyman-services', 'HANDYMAN', true, 0);
INSERT INTO question_sets (id, service_id, version, questions, is_active) VALUES ('366df41a-eb9f-4f88-b229-22a61048df8c', 'a4272a45-7db1-44a4-baa8-db449be62801', 1, '[{"position": 1, "text": "What kind of location is this?", "attribute": "CommercialLocation", "answers": [{"display": "Home", "criteria": "Home"}, {"display": "Business", "criteria": "Business"}]}]'::jsonb, true);
INSERT INTO services (id, category_id, name, slug, service_code, is_popular, sort_order) VALUES ('5d2483d3-3d63-44ea-8b09-68f2f40a7a66', 'bae3de43-82c6-409b-b694-b27fc4443625', 'Holiday Lights - Install or Remove', 'holiday-lights-install-or-remove', 'CHRISTMAS_LIGHTS', false, 0);
INSERT INTO services (id, category_id, name, slug, service_code, is_popular, sort_order) VALUES ('3d8e8d67-d97b-4bdb-8055-d7008347a42e', 'bae3de43-82c6-409b-b694-b27fc4443625', 'Home Maintenance', 'home-maintenance', 'HANDYMAN_MAINTENANCE', false, 0);
INSERT INTO question_sets (id, service_id, version, questions, is_active) VALUES ('211cb53b-649c-4798-90e6-370a17426162', '3d8e8d67-d97b-4bdb-8055-d7008347a42e', 1, '[{"position": 1, "text": "What kind of service are you looking for?", "attribute": "ServiceType", "answers": [{"display": "Heating System Check/Maintenance", "criteria": "Heating System Check/Maintenance"}, {"display": "Cooling System Check/Maintenance", "criteria": "Cooling System Check/Maintenance"}, {"display": "Other Home Maintenance", "criteria": "OtherMaintenance"}]}]'::jsonb, true);
INSERT INTO services (id, category_id, name, slug, service_code, is_popular, sort_order) VALUES ('8b44241f-a11d-45cc-a63c-ed49ab5d0cd4', 'bae3de43-82c6-409b-b694-b27fc4443625', 'Mirrors - Install or Replace', 'mirrors-install-or-replace', 'MIRROR_INSTALL', false, 0);
INSERT INTO question_sets (id, service_id, version, questions, is_active) VALUES ('f1d45255-11d2-41ee-b1e6-b88d40b8d235', '8b44241f-a11d-45cc-a63c-ed49ab5d0cd4', 1, '[{"position": 1, "text": "What best describes this mirror project?", "attribute": "TypeProject", "answers": [{"display": "Mirror needs to be resilvered", "criteria": "Resilvered"}, {"display": "Replace Cracked Mirror", "criteria": "CrackedMirror"}, {"display": "Repair Mirror Frame", "criteria": "RepairMirror"}, {"display": "Install or Replace Mirror", "criteria": "InstallReplace"}]}]'::jsonb, true);
INSERT INTO services (id, category_id, name, slug, service_code, is_popular, sort_order) VALUES ('e0cabb1a-5ae7-4713-84c5-07fb26651bf9', 'bae3de43-82c6-409b-b694-b27fc4443625', 'Outdoor Play Equipment', 'outdoor-play-equipment', 'OUTDOOR_PLAY_EQUIPMENT', false, 0);
INSERT INTO services (id, category_id, name, slug, service_code, is_popular, sort_order) VALUES ('3b30e5a3-647e-46a8-8f1b-d5285bd8f36c', 'bae3de43-82c6-409b-b694-b27fc4443625', 'Outdoor Services', 'outdoor-services', 'HANDYMAN_OUTDOOR', false, 0);
INSERT INTO question_sets (id, service_id, version, questions, is_active) VALUES ('e9a15469-6fb6-458a-9845-187e75e079b1', '3b30e5a3-647e-46a8-8f1b-d5285bd8f36c', 1, '[{"position": 1, "text": "What kind of service are you looking for?", "attribute": "ServiceType", "answers": [{"display": "Painting", "criteria": "Painting"}, {"display": "Doors", "criteria": "Doors"}]}]'::jsonb, true);
INSERT INTO services (id, category_id, name, slug, service_code, is_popular, sort_order) VALUES ('9f42cb62-6409-4f77-984d-b4472fbb42a6', 'bae3de43-82c6-409b-b694-b27fc4443625', 'Painting', 'painting', 'HANDYMAN_PAINTING', false, 0);
INSERT INTO question_sets (id, service_id, version, questions, is_active) VALUES ('040311d8-ee22-4058-af4c-e5d0edbf02c2', '9f42cb62-6409-4f77-984d-b4472fbb42a6', 1, '[{"position": 1, "text": "What kind of service are you looking for?", "attribute": "ServiceType", "answers": [{"display": "Interior Painting", "criteria": "Interior Painting"}, {"display": "Exterior Painting", "criteria": "Exterior Painting"}]}]'::jsonb, true);
INSERT INTO services (id, category_id, name, slug, service_code, is_popular, sort_order) VALUES ('b483345d-e213-43f4-9038-3e214e2dc8f6', 'bae3de43-82c6-409b-b694-b27fc4443625', 'Plumbing', 'plumbing', 'HANDYMAN_PLUMBING', true, 0);
INSERT INTO question_sets (id, service_id, version, questions, is_active) VALUES ('9547a73d-3416-4e3e-9250-da8a40949fc7', 'b483345d-e213-43f4-9038-3e214e2dc8f6', 1, '[{"position": 1, "text": "What kind of service are you looking for?", "attribute": "ServiceType", "answers": [{"display": "Install Plumbing", "criteria": "Install Plumbing"}, {"display": "Repair Plumbing", "criteria": "Repair Plumbing"}]}]'::jsonb, true);
INSERT INTO services (id, category_id, name, slug, service_code, is_popular, sort_order) VALUES ('58949217-c78b-4828-9af7-6f0a98071a89', 'bae3de43-82c6-409b-b694-b27fc4443625', 'Small Projects and Repairs', 'small-projects-and-repairs', 'SMALL_PROJECTS', true, 0);
INSERT INTO services (id, category_id, name, slug, service_code, is_popular, sort_order) VALUES ('35477a13-ed5d-4079-8bf5-72ab1977ca13', 'bae3de43-82c6-409b-b694-b27fc4443625', 'Windows', 'windows', 'HANDYMAN_WINDOWS', true, 0);
INSERT INTO question_sets (id, service_id, version, questions, is_active) VALUES ('17087e59-422c-4561-8423-a3aa7f8cea7b', '35477a13-ed5d-4079-8bf5-72ab1977ca13', 1, '[{"position": 1, "text": "What kind of service are you looking for?", "attribute": "ServiceType", "answers": [{"display": "Window Installation", "criteria": "Window Installation"}, {"display": "Window Repair", "criteria": "Window Repair"}]}]'::jsonb, true);

-- Category: Electrical (7 services)
INSERT INTO services (id, category_id, name, slug, service_code, is_popular, sort_order) VALUES ('cf1bf42e-ec62-4a5c-b2cd-a8342fec7d3d', '2dcb8ce0-7968-4ae5-bcf3-2024d68b24ae', 'Attic or Whole House Fan', 'attic-or-whole-house-fan', 'ATTIC_WHOLE_HOUSE_FAN', true, 0);
INSERT INTO services (id, category_id, name, slug, service_code, is_popular, sort_order) VALUES ('77187507-fd53-4f65-a031-bcc49981dc66', '2dcb8ce0-7968-4ae5-bcf3-2024d68b24ae', 'Electrical for Home Addition or Remodel', 'electrical-for-home-addition-or-remodel', 'ELECTRICAL_ADDITION', true, 0);
INSERT INTO question_sets (id, service_id, version, questions, is_active) VALUES ('03691f53-eadc-414f-8ac5-96683658d690', '77187507-fd53-4f65-a031-bcc49981dc66', 1, '[{"position": 1, "text": "What is the nature of your electrical project?", "attribute": "ElectricalProjectScope", "answers": [{"display": "Install electrical", "criteria": "Install"}, {"display": "Repair electrical", "criteria": "Repair"}]}]'::jsonb, true);
INSERT INTO services (id, category_id, name, slug, service_code, is_popular, sort_order) VALUES ('7edc4057-90b2-4de2-b807-ba2b5c1c1fb1', '2dcb8ce0-7968-4ae5-bcf3-2024d68b24ae', 'Electrical Wiring or Panel Upgrade', 'electrical-wiring-or-panel-upgrade', 'ELECTRICAL', true, 0);
INSERT INTO question_sets (id, service_id, version, questions, is_active) VALUES ('148bfc79-4291-4eb4-8ef6-9d893ebbab3f', '7edc4057-90b2-4de2-b807-ba2b5c1c1fb1', 1, '[{"position": 1, "text": "What is the nature of your electrical project?", "attribute": "ElectricalProjectScope", "answers": [{"display": "Install electrical", "criteria": "Install"}, {"display": "Repair electrical", "criteria": "Repair"}]}]'::jsonb, true);
INSERT INTO services (id, category_id, name, slug, service_code, is_popular, sort_order) VALUES ('dda180eb-8915-428c-952d-ab99ea328d9b', '2dcb8ce0-7968-4ae5-bcf3-2024d68b24ae', 'Generator', 'generator', 'ELECTRICAL_GENERATOR', true, 0);
INSERT INTO question_sets (id, service_id, version, questions, is_active) VALUES ('9ec2a1b3-a371-410b-8f65-0e9eec723c5b', 'dda180eb-8915-428c-952d-ab99ea328d9b', 1, '[{"position": 1, "text": "What is the nature of your electrical project?", "attribute": "ElectricalProjectScope", "answers": [{"display": "Repair generator", "criteria": "Repair"}, {"display": "Install generator", "criteria": "Install"}]}]'::jsonb, true);
INSERT INTO services (id, category_id, name, slug, service_code, is_popular, sort_order) VALUES ('dee51a19-abf6-4b86-84a2-b9ba96cdf7e5', '2dcb8ce0-7968-4ae5-bcf3-2024d68b24ae', 'Home Energy Audit', 'home-energy-audit', 'HOME_ENERGY_AUDIT', false, 0);
INSERT INTO services (id, category_id, name, slug, service_code, is_popular, sort_order) VALUES ('e2e42e76-7c34-4f43-b59e-1e2bfb63ec2f', '2dcb8ce0-7968-4ae5-bcf3-2024d68b24ae', 'Low Voltage Wiring (Home Theater, etc)', 'low-voltage-wiring-home-theater-etc', 'WIRING_LOW_VOLTAGE', false, 0);
INSERT INTO question_sets (id, service_id, version, questions, is_active) VALUES ('e977c8b4-8b9b-46d9-8a10-28d58e84b999', 'e2e42e76-7c34-4f43-b59e-1e2bfb63ec2f', 1, '[{"position": 1, "text": "What is the nature of your low voltage wiring project?", "attribute": "ElectricalProjectScope", "answers": [{"display": "Install/Repair Home Automation System", "criteria": "Install/Repair Home Automation System"}, {"display": "Install/Repair Home Theater Surround Sound", "criteria": "Install/Repair Home Automation System"}, {"display": "Install/Repair Home Theater System or Media Center", "criteria": "Install/Repair Home Theater System or Media Center"}, {"display": "Install/Repair Home Theater Wiring", "criteria": "Install/Repair Home Theater Wiring"}]}]'::jsonb, true);
INSERT INTO services (id, category_id, name, slug, service_code, is_popular, sort_order) VALUES ('35637c71-8a1a-4fa5-96a8-48e52845dcaa', '2dcb8ce0-7968-4ae5-bcf3-2024d68b24ae', 'Outdoor Lighting', 'outdoor-lighting', 'OUTDOOR_LIGHTING', false, 0);
INSERT INTO question_sets (id, service_id, version, questions, is_active) VALUES ('85a7840e-6f78-4db5-b6af-69008c74b8e2', '35637c71-8a1a-4fa5-96a8-48e52845dcaa', 1, '[{"position": 1, "text": "What is the nature of your project?", "attribute": "ElectricalProjectScope", "answers": [{"display": "Repair Existing Lighting", "criteria": "Repair"}, {"display": "Install Lighting", "criteria": "Install"}]}, {"position": 2, "text": "What kind of location is this?", "attribute": "CommercialLocation", "answers": [{"display": "Home/Residence", "criteria": "Home"}, {"display": "Business", "criteria": "Business"}]}]'::jsonb, true);

-- Category: Fences (5 services)
INSERT INTO services (id, category_id, name, slug, service_code, is_popular, sort_order) VALUES ('d9069d69-120c-43c9-a810-c11063031f8f', '45e9c67f-1857-4007-8ee3-fb5def4b434a', 'Install or Repair Chainlink Fencing', 'install-or-repair-chainlink-fencing', 'FENCING_CHAINLINK', true, 0);
INSERT INTO question_sets (id, service_id, version, questions, is_active) VALUES ('f8286064-d7f8-41a2-b473-551cc51d1cea', 'd9069d69-120c-43c9-a810-c11063031f8f', 1, '[{"position": 1, "text": "What is the nature of your fencing project?", "attribute": "FencingProjectScope", "answers": [{"display": "Install a new fence", "criteria": "Install"}, {"display": "Repair existing fence", "criteria": "Repair"}]}]'::jsonb, true);
INSERT INTO services (id, category_id, name, slug, service_code, is_popular, sort_order) VALUES ('58125555-6b9d-44d6-b0ba-231369801b15', '45e9c67f-1857-4007-8ee3-fb5def4b434a', 'Install or Repair Privacy Fencing', 'install-or-repair-privacy-fencing', 'FENCE_PRIVACY', true, 0);
INSERT INTO question_sets (id, service_id, version, questions, is_active) VALUES ('57d90546-c0bd-438a-94de-0d9bae6a9185', '58125555-6b9d-44d6-b0ba-231369801b15', 1, '[{"position": 1, "text": "What is the nature of your fencing project?", "attribute": "FencingProjectScope", "answers": [{"display": "Install a new fence", "criteria": "Install"}, {"display": "Repair existing fence", "criteria": "Repair"}]}]'::jsonb, true);
INSERT INTO services (id, category_id, name, slug, service_code, is_popular, sort_order) VALUES ('b6469239-08f2-4aa6-855b-34063f2ca9c3', '45e9c67f-1857-4007-8ee3-fb5def4b434a', 'Install or Repair Vinyl Fencing', 'install-or-repair-vinyl-fencing', 'FENCE_VINYL', true, 0);
INSERT INTO question_sets (id, service_id, version, questions, is_active) VALUES ('9e38f525-5deb-404a-a0bb-6f684b150def', 'b6469239-08f2-4aa6-855b-34063f2ca9c3', 1, '[{"position": 1, "text": "What is the nature of your fencing project?", "attribute": "FencingProjectScope", "answers": [{"display": "Install a new fence", "criteria": "Install"}, {"display": "Repair existing fence", "criteria": "Repair"}]}]'::jsonb, true);
INSERT INTO services (id, category_id, name, slug, service_code, is_popular, sort_order) VALUES ('8154873f-5a02-4d90-bcc4-2e8241d79064', '45e9c67f-1857-4007-8ee3-fb5def4b434a', 'Install or Repair Wood Fencing', 'install-or-repair-wood-fencing', 'FENCE_WOOD', true, 0);
INSERT INTO question_sets (id, service_id, version, questions, is_active) VALUES ('0ec85662-bf2f-4e5c-b88e-440efe10eeb0', '8154873f-5a02-4d90-bcc4-2e8241d79064', 1, '[{"position": 1, "text": "What is the nature of your fencing project?", "attribute": "FencingProjectScope", "answers": [{"display": "Install a new fence", "criteria": "Install"}, {"display": "Repair existing fence", "criteria": "Repair"}]}]'::jsonb, true);
INSERT INTO services (id, category_id, name, slug, service_code, is_popular, sort_order) VALUES ('1c94aa42-0003-488c-a521-4412ead54dd0', '45e9c67f-1857-4007-8ee3-fb5def4b434a', 'Install or Repair Wrought Iron', 'install-or-repair-wrought-iron', 'FENCE_WROUGHT_IRON', false, 0);
INSERT INTO question_sets (id, service_id, version, questions, is_active) VALUES ('6bed0d49-8bc8-4aa5-8e19-8453d1d59df4', '1c94aa42-0003-488c-a521-4412ead54dd0', 1, '[{"position": 1, "text": "What is the nature of your fencing project?", "attribute": "FencingProjectScope", "answers": [{"display": "Install a new fence", "criteria": "Install"}, {"display": "Repair existing fence", "criteria": "Repair"}]}]'::jsonb, true);

-- Category: Painting (7 services)
INSERT INTO services (id, category_id, name, slug, service_code, is_popular, sort_order) VALUES ('8be92897-54b4-4020-9ff1-be713e48e0bb', 'cd8d55a4-8521-491a-98ef-868224f41c1b', 'Exterior Painting', 'exterior-painting', 'EXTERIOR_PAINTING', true, 0);
INSERT INTO services (id, category_id, name, slug, service_code, is_popular, sort_order) VALUES ('c61a9c2d-0bee-4f8a-b3f6-0eccdb975a79', 'cd8d55a4-8521-491a-98ef-868224f41c1b', 'Specialty Painting - Faux Finishes', 'specialty-painting-faux-finishes', 'SPECIALTY_PAINTING', false, 0);
INSERT INTO services (id, category_id, name, slug, service_code, is_popular, sort_order) VALUES ('3c506867-b19f-466e-9423-e4bff2e684fc', 'cd8d55a4-8521-491a-98ef-868224f41c1b', 'Commercial Painting', 'commercial-painting', 'COMMERCIAL_PAINTING', false, 2);
INSERT INTO services (id, category_id, name, slug, service_code, is_popular, sort_order) VALUES ('26d12217-dd58-401d-97c8-0046abe23deb', 'cd8d55a4-8521-491a-98ef-868224f41c1b', 'Interior Painting', 'interior-painting', 'INTERIOR_PAINTING', false, 3);
INSERT INTO question_sets (id, service_id, version, questions, is_active) VALUES ('85c2db17-48f8-4be1-b4f5-0921dd569557', '26d12217-dd58-401d-97c8-0046abe23deb', 1, '[{"position": 1, "text": "How many rooms?", "attribute": "NumberOfRooms", "answers": [{"display": "5-6", "criteria": "5-6"}, {"display": "7-8", "criteria": "7-8"}, {"display": "9 or more", "criteria": "9 or more"}, {"display": "1-2", "criteria": "1-2"}, {"display": "3-4", "criteria": "3-4"}]}]'::jsonb, true);
INSERT INTO services (id, category_id, name, slug, service_code, is_popular, sort_order) VALUES ('77702971-41e9-4e68-a968-ef7c861e892e', 'cd8d55a4-8521-491a-98ef-868224f41c1b', 'Popcorn Ceiling Removal', 'popcorn-ceiling-removal', 'POPCORN_REMOVAL', true, 4);
INSERT INTO services (id, category_id, name, slug, service_code, is_popular, sort_order) VALUES ('97f07e46-457f-4b7f-9e9c-b91ca6b11a7c', 'cd8d55a4-8521-491a-98ef-868224f41c1b', 'Wallpaper Install', 'wallpaper-install', 'WALLPAPER', true, 5);
INSERT INTO services (id, category_id, name, slug, service_code, is_popular, sort_order) VALUES ('b0df7214-1789-4aeb-b5d4-803823226dc9', 'cd8d55a4-8521-491a-98ef-868224f41c1b', 'Wallpaper Removal', 'wallpaper-removal', 'WALLPAPER_REMOVAL', false, 6);

-- Category: Drywall (1 services)
INSERT INTO services (id, category_id, name, slug, service_code, is_popular, sort_order) VALUES ('cf0202f1-d0a9-4853-a841-1b406aa2daba', 'ed7ab5ea-3def-4f26-a7b4-84460b7c3d14', 'Drywall', 'drywall', 'DRYWALL_SHEETROCK', true, 0);
INSERT INTO question_sets (id, service_id, version, questions, is_active) VALUES ('283aa6bd-40ca-456b-ba4a-9e1bffd56820', 'cf0202f1-d0a9-4853-a841-1b406aa2daba', 1, '[{"position": 1, "text": "What is the nature of your drywall project?", "attribute": "DrywallProjectScope", "answers": [{"display": "Install new drywall", "criteria": "Install"}, {"display": "Repair existing drywall", "criteria": "Repair"}]}]'::jsonb, true);

-- Category: Landscaping (16 services)
INSERT INTO services (id, category_id, name, slug, service_code, is_popular, sort_order) VALUES ('53dbd2b2-f4fd-4947-a15a-c6c7fe35d9c5', 'cab3aa5c-634a-476b-a06c-705008564749', 'Drainage Work', 'drainage-work', 'DRAINAGE', false, 0);
INSERT INTO services (id, category_id, name, slug, service_code, is_popular, sort_order) VALUES ('6ab70117-6725-4030-b2e9-9b0e93f1d39b', 'cab3aa5c-634a-476b-a06c-705008564749', 'Install Pond or Water Feature', 'install-pond-or-water-feature', 'POND_INSTALL', false, 0);
INSERT INTO services (id, category_id, name, slug, service_code, is_popular, sort_order) VALUES ('d258064a-869c-471c-99ac-623eb4101da6', 'cab3aa5c-634a-476b-a06c-705008564749', 'Landscape Architect', 'landscape-architect', 'LANDSCAPING_ARCHITECT', false, 0);
INSERT INTO question_sets (id, service_id, version, questions, is_active) VALUES ('412c6d9a-9e8c-4755-8cbb-0e59e818f2d2', 'd258064a-869c-471c-99ac-623eb4101da6', 1, '[{"position": 1, "text": "Is this location a commercial location?", "attribute": "LandArchCommercialLocation", "answers": [{"display": "No", "criteria": "No"}, {"display": "Yes", "criteria": "Yes"}]}]'::jsonb, true);
INSERT INTO services (id, category_id, name, slug, service_code, is_popular, sort_order) VALUES ('54567807-f71e-4915-a875-f162cb71eb2a', 'cab3aa5c-634a-476b-a06c-705008564749', 'Landscape Designer', 'landscape-designer', 'LANDSCAPING_DESIGN_INSTALL', false, 0);
INSERT INTO question_sets (id, service_id, version, questions, is_active) VALUES ('fa18a791-023a-4dfe-9a62-26d8b8429701', '54567807-f71e-4915-a875-f162cb71eb2a', 1, '[{"position": 1, "text": "What do you need assistance with?", "attribute": "LandscapeDesignInstall", "answers": [{"display": "Installing new landscaping", "criteria": "Install"}, {"display": "Designing my landscaping project", "criteria": "Design"}]}]'::jsonb, true);
INSERT INTO services (id, category_id, name, slug, service_code, is_popular, sort_order) VALUES ('b15ebcf5-d8ee-4dfd-b644-91b07c2365d7', 'cab3aa5c-634a-476b-a06c-705008564749', 'Landscape Maintenance', 'landscape-maintenance', 'LANDSCAPING_MAINTENANCE', true, 0);
INSERT INTO services (id, category_id, name, slug, service_code, is_popular, sort_order) VALUES ('ea0fe2ce-d3a7-4e5e-b792-3052528c6061', 'cab3aa5c-634a-476b-a06c-705008564749', 'Lawn Aerating', 'lawn-aerating', 'LANDSCAPING_LAWN_AERATING', false, 0);
INSERT INTO question_sets (id, service_id, version, questions, is_active) VALUES ('8ff717ce-0e29-4d2d-ba11-5b58fe15e379', 'ea0fe2ce-d3a7-4e5e-b792-3052528c6061', 1, '[{"position": 1, "text": "This request is for:", "attribute": "LawnAeratingRequest", "answers": [{"display": "A subcontractor", "criteria": "Subcontractor"}, {"display": "My own home", "criteria": "Own home"}]}, {"position": 2, "text": "Is this a commercial location?", "attribute": "LawnAerCommercialLocation", "answers": [{"display": "Yes", "criteria": "Yes"}, {"display": "No", "criteria": "No"}]}]'::jsonb, true);
INSERT INTO services (id, category_id, name, slug, service_code, is_popular, sort_order) VALUES ('a20739ad-0093-4161-ab08-fa60e83ea909', 'cab3aa5c-634a-476b-a06c-705008564749', 'Lawn Mowing', 'lawn-mowing', 'LAWN_MOWING', false, 0);
INSERT INTO services (id, category_id, name, slug, service_code, is_popular, sort_order) VALUES ('5953f4c3-86b7-4c9c-bac4-cb0bee99e9e5', 'cab3aa5c-634a-476b-a06c-705008564749', 'Lawn Seeding', 'lawn-seeding', 'LANDSCAPING_LAWN_SEEDING', false, 0);
INSERT INTO question_sets (id, service_id, version, questions, is_active) VALUES ('1daaaa13-96ac-48ac-b725-aa9c3267d016', '5953f4c3-86b7-4c9c-bac4-cb0bee99e9e5', 1, '[{"position": 1, "text": "Where is the request located?", "attribute": "LawnSeedingLocationType", "answers": [{"display": "My own home", "criteria": "Home"}, {"display": "Business", "criteria": "Business"}]}]'::jsonb, true);
INSERT INTO services (id, category_id, name, slug, service_code, is_popular, sort_order) VALUES ('2b235e3d-b64e-47a1-be8d-26631fd6ed16', 'cab3aa5c-634a-476b-a06c-705008564749', 'Lawn Treatment', 'lawn-treatment', 'LAWN_TREATMENT', true, 0);
INSERT INTO services (id, category_id, name, slug, service_code, is_popular, sort_order) VALUES ('9bbc247a-5172-4268-9a66-2b0f28b3661e', 'cab3aa5c-634a-476b-a06c-705008564749', 'Pea Gravel or Loose Fill Paving', 'pea-gravel-or-loose-fill-paving', 'GRAVEL_PEA_FILL', true, 0);
INSERT INTO services (id, category_id, name, slug, service_code, is_popular, sort_order) VALUES ('d690abf5-968f-4264-bd06-90818e79ce1e', 'cab3aa5c-634a-476b-a06c-705008564749', 'Poison Ivy Removal', 'poison-ivy-removal', 'POISON_IVY_REMOVAL', false, 0);
INSERT INTO services (id, category_id, name, slug, service_code, is_popular, sort_order) VALUES ('55eb25a6-2965-4720-8e1f-35d0f4709d78', 'cab3aa5c-634a-476b-a06c-705008564749', 'Retaining Walls', 'retaining-walls', 'RETAINING_WALLS', false, 0);
INSERT INTO services (id, category_id, name, slug, service_code, is_popular, sort_order) VALUES ('4034e9a1-3af5-4199-b9c7-20f1fbfd0a25', 'cab3aa5c-634a-476b-a06c-705008564749', 'Snow Removal', 'snow-removal', 'SNOW_REMOVAL', false, 0);
INSERT INTO services (id, category_id, name, slug, service_code, is_popular, sort_order) VALUES ('30e5a455-ad83-416c-8bf5-7dca4d4bf7f7', 'cab3aa5c-634a-476b-a06c-705008564749', 'Sod', 'sod', 'LANDSCAPING_SOD', false, 0);
INSERT INTO services (id, category_id, name, slug, service_code, is_popular, sort_order) VALUES ('24775ea2-7622-4727-a5ce-1e5ee321a3b3', 'cab3aa5c-634a-476b-a06c-705008564749', 'Soil, Sand, Mulch or Rock Delivery', 'soil-sand-mulch-or-rock-delivery', 'SOIL_SAND_MULCH_ROCK_DELIVERY', false, 0);
INSERT INTO services (id, category_id, name, slug, service_code, is_popular, sort_order) VALUES ('69f2fe84-3bab-4b8f-bdf1-18c39ed69b81', 'cab3aa5c-634a-476b-a06c-705008564749', 'Sprinkler', 'sprinkler', 'SPRINKLER', false, 0);
INSERT INTO question_sets (id, service_id, version, questions, is_active) VALUES ('8c444451-a4b0-4200-942b-d3021ee440ec', '69f2fe84-3bab-4b8f-bdf1-18c39ed69b81', 1, '[{"position": 1, "text": "What is the nature of your sprinkler project?", "attribute": "SprinklerProjectScope", "answers": [{"display": "Install a new sprinkler", "criteria": "Install"}, {"display": "Repair an existing sprinkler", "criteria": "Repair"}]}, {"position": 2, "text": "Is this a commercial location?", "attribute": "SprinklerCommLocation", "answers": [{"display": "No", "criteria": "No"}, {"display": "Yes", "criteria": "Yes"}]}]'::jsonb, true);

-- Category: Roofing (10 services)
INSERT INTO services (id, category_id, name, slug, service_code, is_popular, sort_order) VALUES ('471f44dd-6568-42e9-b059-034d09ffc6ca', 'b3a819f6-0e46-4989-bea7-f69e21f0fe32', 'Asphalt Roofing', 'asphalt-roofing', 'ROOFING_ASPHALT', true, 0);
INSERT INTO question_sets (id, service_id, version, questions, is_active) VALUES ('40df1ddd-88ba-4409-a18d-14fe09198c6d', '471f44dd-6568-42e9-b059-034d09ffc6ca', 1, '[{"position": 1, "text": "What is the nature of your roofing project?", "attribute": "RoofingPlan", "answers": [{"display": "Completely replace roof", "criteria": "Completely replace roof"}, {"display": "Repair existing roof", "criteria": "Repair existing roof"}, {"display": "Install roof on new construction", "criteria": "Install roof on new construction"}]}]'::jsonb, true);
INSERT INTO services (id, category_id, name, slug, service_code, is_popular, sort_order) VALUES ('ddc58c85-f515-4468-8145-b5cd2824fde8', 'b3a819f6-0e46-4989-bea7-f69e21f0fe32', 'Cedar Shake Roofing', 'cedar-shake-roofing', 'ROOFING_CEDAR_SHAKE', false, 0);
INSERT INTO question_sets (id, service_id, version, questions, is_active) VALUES ('4138e529-e5dc-4b59-84b7-b928893a522a', 'ddc58c85-f515-4468-8145-b5cd2824fde8', 1, '[{"position": 1, "text": "What is the nature of your roofing project?", "attribute": "RoofingPlan", "answers": [{"display": "Completely replace roof", "criteria": "Completely replace roof"}, {"display": "Repair existing roof", "criteria": "Repair existing roof"}, {"display": "Install roof on new construction", "criteria": "Install roof on new construction"}]}]'::jsonb, true);
INSERT INTO services (id, category_id, name, slug, service_code, is_popular, sort_order) VALUES ('5eb02b70-972e-4f60-8e78-793308039f30', 'b3a819f6-0e46-4989-bea7-f69e21f0fe32', 'Composite Roofing', 'composite-roofing', 'ROOFING_COMPOSITE', false, 0);
INSERT INTO question_sets (id, service_id, version, questions, is_active) VALUES ('55e52153-afde-42cf-a2eb-3b084d2c7914', '5eb02b70-972e-4f60-8e78-793308039f30', 1, '[{"position": 1, "text": "What is the nature of your roofing project?", "attribute": "RoofingPlan", "answers": [{"display": "Completely replace roof", "criteria": "Completely replace roof"}, {"display": "Repair existing roof", "criteria": "Repair existing roof"}, {"display": "Install roof on new construction", "criteria": "Install roof on new construction"}]}]'::jsonb, true);
INSERT INTO services (id, category_id, name, slug, service_code, is_popular, sort_order) VALUES ('d3030091-15a1-48d1-986f-d360de38598b', 'b3a819f6-0e46-4989-bea7-f69e21f0fe32', 'Flat, Foam or Single Ply Roof', 'flat-foam-or-single-ply-roof', 'ROOFING_FLAT_FOAM_SINGLEPLY', true, 0);
INSERT INTO question_sets (id, service_id, version, questions, is_active) VALUES ('60643d29-52f2-4a61-91ea-7a73bfaafff3', 'd3030091-15a1-48d1-986f-d360de38598b', 1, '[{"position": 1, "text": "What is the nature of your roofing project?", "attribute": "RoofingPlan", "answers": [{"display": "Completely replace roof", "criteria": "Completely replace roof"}, {"display": "Repair existing roof", "criteria": "Repair existing roof"}, {"display": "Install roof on new construction", "criteria": "Install roof on new construction"}]}]'::jsonb, true);
INSERT INTO services (id, category_id, name, slug, service_code, is_popular, sort_order) VALUES ('9994338a-ee85-4a7f-8c0f-d0e1bc19c874', 'b3a819f6-0e46-4989-bea7-f69e21f0fe32', 'Metal Roofing', 'metal-roofing', 'ROOFING_METAL', true, 0);
INSERT INTO question_sets (id, service_id, version, questions, is_active) VALUES ('809453ac-0738-49d8-a3b8-c2ca8d95b08c', '9994338a-ee85-4a7f-8c0f-d0e1bc19c874', 1, '[{"position": 1, "text": "What is the nature of your roofing project?", "attribute": "RoofingPlan", "answers": [{"display": "Completely replace roof", "criteria": "Completely replace roof"}, {"display": "Repair existing roof", "criteria": "Repair existing roof"}, {"display": "Install roof on new construction", "criteria": "Install roof on new construction"}]}]'::jsonb, true);
INSERT INTO services (id, category_id, name, slug, service_code, is_popular, sort_order) VALUES ('02d13adf-11a2-4163-ad32-067bf6f04472', 'b3a819f6-0e46-4989-bea7-f69e21f0fe32', 'Natural Slate Roofing', 'natural-slate-roofing', 'ROOFING_NATURAL_SLATE', false, 0);
INSERT INTO question_sets (id, service_id, version, questions, is_active) VALUES ('0f54f87c-67d6-4feb-a208-285f60667531', '02d13adf-11a2-4163-ad32-067bf6f04472', 1, '[{"position": 1, "text": "What is the nature of your roofing project?", "attribute": "RoofingPlan", "answers": [{"display": "Completely replace roof", "criteria": "Completely replace roof"}, {"display": "Repair existing roof", "criteria": "Repair existing roof"}, {"display": "Install roof on new construction", "criteria": "Install roof on new construction"}]}]'::jsonb, true);
INSERT INTO services (id, category_id, name, slug, service_code, is_popular, sort_order) VALUES ('7b6d2590-6ec0-47a1-8151-b913b7d7aba1', 'b3a819f6-0e46-4989-bea7-f69e21f0fe32', 'Roof Coating or Sealant', 'roof-coating-or-sealant', 'ROOF_COATING_SEALANT', false, 0);
INSERT INTO question_sets (id, service_id, version, questions, is_active) VALUES ('25e118ae-5abb-4336-9c23-6b7e8fda703f', '7b6d2590-6ec0-47a1-8151-b913b7d7aba1', 1, '[{"position": 1, "text": "What kind of location is this?", "attribute": "LocationType", "answers": [{"display": "Home/Residence", "criteria": "Home"}, {"display": "Business", "criteria": "Business"}]}]'::jsonb, true);
INSERT INTO services (id, category_id, name, slug, service_code, is_popular, sort_order) VALUES ('0ef2d2a0-615b-4ff2-a658-43c3bc213d0e', 'b3a819f6-0e46-4989-bea7-f69e21f0fe32', 'Skylight', 'skylight', 'SKYLIGHT', false, 0);
INSERT INTO services (id, category_id, name, slug, service_code, is_popular, sort_order) VALUES ('7b50f7df-32fc-4349-9f64-5e9b8f67bda2', 'b3a819f6-0e46-4989-bea7-f69e21f0fe32', 'Tar Torchdown Roofing', 'tar-torchdown-roofing', 'ROOFING_TAR_TORCHDOWN', false, 0);
INSERT INTO question_sets (id, service_id, version, questions, is_active) VALUES ('a27ecb69-3b51-4c8c-8b60-170c9301f807', '7b50f7df-32fc-4349-9f64-5e9b8f67bda2', 1, '[{"position": 1, "text": "What is the nature of your roofing project?", "attribute": "RoofingPlan", "answers": [{"display": "Repair existing roof", "criteria": "Repair existing roof"}, {"display": "Install roof on new construction", "criteria": "Install roof on new construction"}, {"display": "Completely replace roof", "criteria": "Completely replace roof"}]}]'::jsonb, true);
INSERT INTO services (id, category_id, name, slug, service_code, is_popular, sort_order) VALUES ('a335efad-ddd9-4bd5-97b8-4af19541b5e8', 'b3a819f6-0e46-4989-bea7-f69e21f0fe32', 'Tile Roofing', 'tile-roofing', 'ROOFING_TILE', true, 0);
INSERT INTO question_sets (id, service_id, version, questions, is_active) VALUES ('306af6b4-d5a6-4a65-a3f1-06e672b73d00', 'a335efad-ddd9-4bd5-97b8-4af19541b5e8', 1, '[{"position": 1, "text": "What is the nature of your roofing project?", "attribute": "RoofingPlan", "answers": [{"display": "Completely replace roof", "criteria": "Completely replace roof"}, {"display": "Repair existing roof", "criteria": "Repair existing roof"}, {"display": "Install roof on new construction", "criteria": "Install roof on new construction"}]}]'::jsonb, true);

-- Category: Carpentry (6 services)
INSERT INTO services (id, category_id, name, slug, service_code, is_popular, sort_order) VALUES ('447671ea-f4de-41cc-abc5-448dc782a5f6', '34349dc7-be9b-47da-9165-03984c3524ab', 'Dry Rot', 'dry-rot', 'DRYROT', false, 0);
INSERT INTO services (id, category_id, name, slug, service_code, is_popular, sort_order) VALUES ('e017a00c-f52c-44ad-94bd-85e4b88179be', '34349dc7-be9b-47da-9165-03984c3524ab', 'Framing - Install or Repair', 'framing-install-or-repair', 'FRAMING', true, 0);
INSERT INTO services (id, category_id, name, slug, service_code, is_popular, sort_order) VALUES ('39056562-d79e-4f26-82e2-9b3284fde25d', '34349dc7-be9b-47da-9165-03984c3524ab', 'Interior Stucco', 'interior-stucco', 'STUCCO_INTERIOR', false, 0);
INSERT INTO services (id, category_id, name, slug, service_code, is_popular, sort_order) VALUES ('0376560a-6a3c-43d6-bd8f-e176fda04ee8', '34349dc7-be9b-47da-9165-03984c3524ab', 'Sheds, Barn or Gazebo', 'sheds-barn-or-gazebo', 'SHEDS', true, 0);
INSERT INTO services (id, category_id, name, slug, service_code, is_popular, sort_order) VALUES ('3de39acf-f962-446f-ba11-21c9804f93bd', '34349dc7-be9b-47da-9165-03984c3524ab', 'Trim work', 'trim-work', 'CARPENTRY_TRIM', false, 0);
INSERT INTO question_sets (id, service_id, version, questions, is_active) VALUES ('922d40e1-1bfb-4308-aea6-477f97d7af6d', '3de39acf-f962-446f-ba11-21c9804f93bd', 1, '[{"position": 1, "text": "What type of trim work are you looking for?", "attribute": "TypeOfTrim", "answers": [{"display": "Interior Trim & Moldings", "criteria": "InteriorTrim"}, {"display": "Exterior Trim", "criteria": "ExteriorTrim"}]}]'::jsonb, true);
INSERT INTO services (id, category_id, name, slug, service_code, is_popular, sort_order) VALUES ('a09c73de-2014-4ea9-a6b6-f54fc0307a2b', '34349dc7-be9b-47da-9165-03984c3524ab', 'Other Carpentry Work', 'other-carpentry-work', 'CARPENTRY_OTHER', true, 1);

-- Category: Solar Energy (1 services)
INSERT INTO services (id, category_id, name, slug, service_code, is_popular, sort_order) VALUES ('c05d609a-d41f-44b6-a64f-cd339ab86d5e', 'f36671ca-1967-4b86-a8d0-4e52b2034d77', 'Solar Energy', 'solar-energy', 'SOLAR', false, 0);
INSERT INTO question_sets (id, service_id, version, questions, is_active) VALUES ('5ed9f433-dc75-44c0-bf51-e9a959fa9e02', 'c05d609a-d41f-44b6-a64f-cd339ab86d5e', 1, '[{"position": 1, "text": "What is the size of your home (Sq Feet)", "attribute": "house_size", "answers": [{"display": "1-2 Bedroom 1000-2000 sqft", "criteria": "1_2_bedroom"}, {"display": "1 Bedroom < 1000 sqft", "criteria": "1_bedroom"}, {"display": "2-3 Bedroom 2000-3000 sqft", "criteria": "2_3_bedroom"}, {"display": "3-4 Bedroom 3000-4000 sqft", "criteria": "3_4_bedroom"}, {"display": "4 Bedroom > 4000 sqft", "criteria": "4_or_more_bedroom"}]}, {"position": 2, "text": "What is your electric monthly bill?", "attribute": "monthly_bill", "answers": [{"display": "More than $300", "criteria": "more_than_300"}, {"display": "Less than $100", "criteria": "less_than_100"}, {"display": "From $100 to $200", "criteria": "from_100_to_200"}, {"display": "From $200 to $300", "criteria": "from_200_to_300"}]}]'::jsonb, true);

-- Category: Decks and Porches (3 services)
INSERT INTO services (id, category_id, name, slug, service_code, is_popular, sort_order) VALUES ('8dea44f3-2fa7-401d-8631-912bab5513f2', '70166348-a59c-428e-93ad-4bb4627a6381', 'Awnings', 'awnings', 'AWNINGS', true, 0);
INSERT INTO services (id, category_id, name, slug, service_code, is_popular, sort_order) VALUES ('d1805187-25e8-4143-a685-d92f80000d4a', '70166348-a59c-428e-93ad-4bb4627a6381', 'Deck', 'deck', 'DECK', true, 0);
INSERT INTO question_sets (id, service_id, version, questions, is_active) VALUES ('f7d9de43-ac55-4d59-82e3-49c0301f8495', 'd1805187-25e8-4143-a685-d92f80000d4a', 1, '[{"position": 1, "text": "What is the nature of your deck project?", "attribute": "DeckProjectScope", "answers": [{"display": "Cleaning/treatment your current deck", "criteria": "Cleaning"}, {"display": "Install a new deck", "criteria": "Install"}, {"display": "Repair an existing deck", "criteria": "Repair"}]}]'::jsonb, true);
INSERT INTO services (id, category_id, name, slug, service_code, is_popular, sort_order) VALUES ('17fb8e35-8cf0-4689-bb2b-8735d859c686', '70166348-a59c-428e-93ad-4bb4627a6381', 'Patio Covers', 'patio-covers', 'PATIO_COVERS', true, 0);

-- Category: Walls (3 services)
INSERT INTO services (id, category_id, name, slug, service_code, is_popular, sort_order) VALUES ('f5138d53-a240-4625-b3cc-d77b5b4452d3', '60a674e2-45fe-46fe-8e31-c013f8dbba44', 'Brick, Stone or Block Wall', 'brick-stone-or-block-wall', 'BRICK_STONE_BLOCK_WALL', true, 0);
INSERT INTO services (id, category_id, name, slug, service_code, is_popular, sort_order) VALUES ('5dbea309-394b-4a6c-a12b-c8fb4d62c9eb', '60a674e2-45fe-46fe-8e31-c013f8dbba44', 'Other Wall Projects', 'other-wall-projects', 'OTHER_WALL_PROJECTS', true, 0);
INSERT INTO services (id, category_id, name, slug, service_code, is_popular, sort_order) VALUES ('6c9e4091-c7cc-44a4-92c7-af540b082711', '60a674e2-45fe-46fe-8e31-c013f8dbba44', 'Plastering', 'plastering', 'PLASTER', true, 0);

-- Category: Flooring (6 services)
INSERT INTO services (id, category_id, name, slug, service_code, is_popular, sort_order) VALUES ('ea6090b7-deea-4fb5-b5bb-d56076074a70', 'afbd154b-f87f-4beb-a17c-db2d06a729e1', 'Carpet', 'carpet', 'CARPET', true, 0);
INSERT INTO question_sets (id, service_id, version, questions, is_active) VALUES ('e019b940-3ad2-437f-8d5a-28aa072da8fc', 'ea6090b7-deea-4fb5-b5bb-d56076074a70', 1, '[{"position": 1, "text": "What is the nature of your flooring project?", "attribute": "FlooringProjectScope", "answers": [{"display": "Install new flooring", "criteria": "Install"}, {"display": "Repair existing flooring", "criteria": "Repair"}]}, {"position": 2, "text": "Have you already purchased the materials for this project?", "attribute": "MaterialPurchase", "answers": [{"display": "No", "criteria": "No"}, {"display": "Yes", "criteria": "Yes"}]}]'::jsonb, true);
INSERT INTO services (id, category_id, name, slug, service_code, is_popular, sort_order) VALUES ('e64c7076-f5e3-4942-8031-f96f4323ccaa', 'afbd154b-f87f-4beb-a17c-db2d06a729e1', 'Floor Tile', 'floor-tile', 'FLOORING_TILE', true, 0);
INSERT INTO question_sets (id, service_id, version, questions, is_active) VALUES ('3785866d-5f2e-476f-b4f5-ca7f2d276f83', 'e64c7076-f5e3-4942-8031-f96f4323ccaa', 1, '[{"position": 1, "text": "What is the nature of your flooring project?", "attribute": "FlooringProjectScope", "answers": [{"display": "Install", "criteria": "Install"}, {"display": "Repair existing flooring", "criteria": "Repair"}]}]'::jsonb, true);
INSERT INTO services (id, category_id, name, slug, service_code, is_popular, sort_order) VALUES ('d9c27adc-d6af-4dab-8420-948df6bb0a8b', 'afbd154b-f87f-4beb-a17c-db2d06a729e1', 'Hardwood Floor', 'hardwood-floor', 'FLOORING_HARDWOOD', false, 0);
INSERT INTO question_sets (id, service_id, version, questions, is_active) VALUES ('307cb2be-0da1-445a-b81b-17c4aee743b3', 'd9c27adc-d6af-4dab-8420-948df6bb0a8b', 1, '[{"position": 1, "text": "What is the nature of your flooring project?", "attribute": "FlooringProjectScope", "answers": [{"display": "Install new flooring", "criteria": "Install"}, {"display": "Refinish existing flooring", "criteria": "Refinishing"}, {"display": "Repair existing flooring", "criteria": "Repair"}]}, {"position": 2, "text": "Have you already purchased the materials for this project?", "attribute": "MaterialPurchase", "answers": [{"display": "No", "criteria": "No"}, {"display": "Yes", "criteria": "Yes"}]}, {"position": 3, "text": "What kind of location is this?", "attribute": "CommercialLocation", "answers": [{"display": "Home", "criteria": "Home"}, {"display": "Business", "criteria": "Business"}]}]'::jsonb, true);
INSERT INTO services (id, category_id, name, slug, service_code, is_popular, sort_order) VALUES ('aff8afc1-c9ec-43dd-a287-59f69073f5a7', 'afbd154b-f87f-4beb-a17c-db2d06a729e1', 'Laminate Flooring', 'laminate-flooring', 'FLOORING_LAMINATE', true, 0);
INSERT INTO question_sets (id, service_id, version, questions, is_active) VALUES ('48a4b99b-dd64-426c-ace8-21b9a792b46f', 'aff8afc1-c9ec-43dd-a287-59f69073f5a7', 1, '[{"position": 1, "text": "What is the nature of your flooring project?", "attribute": "FlooringProjectScope", "answers": [{"display": "Repair existing flooring", "criteria": "Repair"}, {"display": "Install new flooring", "criteria": "Install"}]}, {"position": 2, "text": "Have you already purchased the materials for this project?", "attribute": "MaterialPurchase", "answers": [{"display": "No", "criteria": "No"}, {"display": "Yes", "criteria": "Yes"}]}, {"position": 3, "text": "What kind of location is this?", "attribute": "CommercialLocation", "answers": [{"display": "Home", "criteria": "Home"}, {"display": "Business", "criteria": "Business"}]}]'::jsonb, true);
INSERT INTO services (id, category_id, name, slug, service_code, is_popular, sort_order) VALUES ('44b3955c-f3e4-41ce-ab1e-91b0e603f4db', 'afbd154b-f87f-4beb-a17c-db2d06a729e1', 'Subfloors', 'subfloors', 'FLOORING_SUBFLOORS', false, 0);
INSERT INTO question_sets (id, service_id, version, questions, is_active) VALUES ('3ec43ec4-a3a6-455d-9b5c-51e1d15f8985', '44b3955c-f3e4-41ce-ab1e-91b0e603f4db', 1, '[{"position": 1, "text": "What is the nature of your flooring project?", "attribute": "FlooringProjectScope", "answers": [{"display": "Install new flooring", "criteria": "Install"}, {"display": "Repair existing flooring", "criteria": "Repair"}]}]'::jsonb, true);
INSERT INTO services (id, category_id, name, slug, service_code, is_popular, sort_order) VALUES ('96e48fe0-1949-4d65-a5b2-d1a41653973c', 'afbd154b-f87f-4beb-a17c-db2d06a729e1', 'Vinyl/Linoleum Flooring', 'vinyllinoleum-flooring', 'FLOORING_VINYL_LINOLEUM', false, 0);
INSERT INTO question_sets (id, service_id, version, questions, is_active) VALUES ('d1aa01ad-6e02-404f-98a6-b341ac04596e', '96e48fe0-1949-4d65-a5b2-d1a41653973c', 1, '[{"position": 1, "text": "What is the nature of your flooring project?", "attribute": "FlooringProjectScope", "answers": [{"display": "Install", "criteria": "Install"}, {"display": "Repair existing flooring", "criteria": "Repair"}]}, {"position": 2, "text": "What kind of location is this?", "attribute": "CommercialLocation", "answers": [{"display": "Business", "criteria": "Business"}, {"display": "Home", "criteria": "Home"}]}]'::jsonb, true);

-- Category: Siding (6 services)
INSERT INTO services (id, category_id, name, slug, service_code, is_popular, sort_order) VALUES ('6e79d374-9ffe-4825-990a-46cc07b01263', 'c7c07619-3c08-43ae-ab9e-644b26d73d5d', 'Aluminium Siding', 'aluminium-siding', 'SIDING_ALUMINIUM', true, 0);
INSERT INTO question_sets (id, service_id, version, questions, is_active) VALUES ('91f18c5d-d992-4b50-8fe3-abe3b23a9af6', '6e79d374-9ffe-4825-990a-46cc07b01263', 1, '[{"position": 1, "text": "What is the nature of your siding project?", "attribute": "ProjectPlan", "answers": [{"display": "Siding for a new home", "criteria": "Siding for a new home"}, {"display": "Replace existing siding", "criteria": "Replace existing siding"}, {"display": "Repair section(s) of siding", "criteria": "Repair section(s) of siding"}, {"display": "Siding for a new addition", "criteria": "Siding for a new addition"}]}]'::jsonb, true);
INSERT INTO services (id, category_id, name, slug, service_code, is_popular, sort_order) VALUES ('4e077113-5e46-4bc2-9d24-35293620dbd5', 'c7c07619-3c08-43ae-ab9e-644b26d73d5d', 'Brick or Stone Siding', 'brick-or-stone-siding', 'SIDING_BRICKFACE', false, 0);
INSERT INTO question_sets (id, service_id, version, questions, is_active) VALUES ('66e59018-70fb-4df1-a09b-ce7749a2b13d', '4e077113-5e46-4bc2-9d24-35293620dbd5', 1, '[{"position": 1, "text": "What is the nature of your siding project?", "attribute": "ProjectPlan", "answers": [{"display": "Siding for a new addition", "criteria": "Siding for a new addition"}, {"display": "Siding for a new home", "criteria": "Siding for a new home"}, {"display": "Replace existing siding", "criteria": "Replace existing siding"}, {"display": "Repair section(s) of siding", "criteria": "Repair section(s) of siding"}]}]'::jsonb, true);
INSERT INTO services (id, category_id, name, slug, service_code, is_popular, sort_order) VALUES ('e3ca37e8-ad86-46ea-9fbf-0efa25429656', 'c7c07619-3c08-43ae-ab9e-644b26d73d5d', 'Composite Wood Siding', 'composite-wood-siding', 'SIDING_COMPOSITE_WOOD', true, 0);
INSERT INTO question_sets (id, service_id, version, questions, is_active) VALUES ('5eed15fa-5081-41bb-9252-88790dc66744', 'e3ca37e8-ad86-46ea-9fbf-0efa25429656', 1, '[{"position": 1, "text": "What is the nature of your siding project?", "attribute": "ProjectPlan", "answers": [{"display": "Siding for a new home", "criteria": "Siding for a new home"}, {"display": "Replace existing siding", "criteria": "Replace existing siding"}, {"display": "Repair section(s) of siding", "criteria": "Repair section(s) of siding"}, {"display": "Siding for a new addition", "criteria": "Siding for a new addition"}]}]'::jsonb, true);
INSERT INTO services (id, category_id, name, slug, service_code, is_popular, sort_order) VALUES ('5286532d-fae8-4d89-89ae-066385b573bb', 'c7c07619-3c08-43ae-ab9e-644b26d73d5d', 'Stone Siding', 'stone-siding', 'SIDING_STONEFACE', false, 0);
INSERT INTO question_sets (id, service_id, version, questions, is_active) VALUES ('46774992-29a0-49b8-8261-1d331b05dbba', '5286532d-fae8-4d89-89ae-066385b573bb', 1, '[{"position": 1, "text": "What is the nature of your siding project?", "attribute": "ProjectPlan", "answers": [{"display": "Siding for a new home", "criteria": "Siding for a new home"}, {"display": "Replace existing siding", "criteria": "Replace existing siding"}, {"display": "Repair section(s) of siding", "criteria": "Repair section(s) of siding"}, {"display": "Siding for a new addition", "criteria": "Siding for a new addition"}]}]'::jsonb, true);
INSERT INTO services (id, category_id, name, slug, service_code, is_popular, sort_order) VALUES ('fd1a01f2-8957-4b77-bea8-19f601f64c85', 'c7c07619-3c08-43ae-ab9e-644b26d73d5d', 'Stucco Siding', 'stucco-siding', 'STUCCO_EXTERIOR', true, 0);
INSERT INTO question_sets (id, service_id, version, questions, is_active) VALUES ('e7013215-1d67-4613-afdd-c7454c1e3893', 'fd1a01f2-8957-4b77-bea8-19f601f64c85', 1, '[{"position": 1, "text": "What is the nature of your siding project?", "attribute": "ProjectPlan", "answers": [{"display": "Siding for a new home", "criteria": "Siding for a new home"}, {"display": "Replace existing siding", "criteria": "Replace existing siding"}, {"display": "Repair section(s) of siding", "criteria": "Repair section(s) of siding"}, {"display": "Siding for a new addition", "criteria": "Siding for a new addition"}]}]'::jsonb, true);
INSERT INTO services (id, category_id, name, slug, service_code, is_popular, sort_order) VALUES ('e3d046a9-33cc-455b-ad89-b66610d4d1be', 'c7c07619-3c08-43ae-ab9e-644b26d73d5d', 'Vinyl Siding', 'vinyl-siding', 'SIDING_VINYL', true, 0);
INSERT INTO question_sets (id, service_id, version, questions, is_active) VALUES ('4e902c21-df9e-4adb-84c5-c2ab57731f66', 'e3d046a9-33cc-455b-ad89-b66610d4d1be', 1, '[{"position": 1, "text": "What is the nature of your siding project?", "attribute": "ProjectPlan", "answers": [{"display": "Siding for a new home", "criteria": "Siding for a new home"}, {"display": "Replace existing siding", "criteria": "Replace existing siding"}, {"display": "Repair section(s) of siding", "criteria": "Repair section(s) of siding"}, {"display": "Siding for a new addition", "criteria": "Siding for a new addition"}]}]'::jsonb, true);

-- Category: Swimming Pools (5 services)
INSERT INTO services (id, category_id, name, slug, service_code, is_popular, sort_order) VALUES ('5b6291f2-31ff-41f7-bb15-7390ed5835c0', 'def51b8a-d914-4bd2-b9f8-e2478e3c3425', 'Above Ground Swimming Pool', 'above-ground-swimming-pool', 'ABOVE_GROUND_POOL', true, 0);
INSERT INTO question_sets (id, service_id, version, questions, is_active) VALUES ('a1d64a87-58f1-40be-992c-14ad2e3eb2e5', '5b6291f2-31ff-41f7-bb15-7390ed5835c0', 1, '[{"position": 1, "text": "Have you purchased the materials for this project", "attribute": "MaterialPurchase", "answers": [{"display": "Yes", "criteria": "Yes"}, {"display": "No", "criteria": "No"}]}, {"position": 2, "text": "What is the nature of your pool project?", "attribute": "PoolProjectScope", "answers": [{"display": "Install a new pool", "criteria": "Install"}, {"display": "Maintenance on existing pool", "criteria": "Maintenance"}, {"display": "Repair an existing pool", "criteria": "Repair"}]}, {"position": 3, "text": "What kind of location is this?", "attribute": "CommercialLocation", "answers": [{"display": "Business", "criteria": "Business"}, {"display": "Home", "criteria": "Home"}]}]'::jsonb, true);
INSERT INTO services (id, category_id, name, slug, service_code, is_popular, sort_order) VALUES ('2d5849d5-20e3-47f4-ae56-532a174de272', 'def51b8a-d914-4bd2-b9f8-e2478e3c3425', 'In Ground Swimming Pool', 'in-ground-swimming-pool', 'POOL', true, 0);
INSERT INTO question_sets (id, service_id, version, questions, is_active) VALUES ('99e80813-3260-4c72-8014-d7f301e4f03d', '2d5849d5-20e3-47f4-ae56-532a174de272', 1, '[{"position": 1, "text": "What kind of location is this?", "attribute": "CommercialLocation", "answers": [{"display": "Home", "criteria": "Home"}, {"display": "Business", "criteria": "Business"}]}, {"position": 2, "text": "What is the nature of your pool project?", "attribute": "PoolProjectScope", "answers": [{"display": "Install a new pool", "criteria": "Install"}, {"display": "Maintenance on existing pool", "criteria": "Maintenance"}, {"display": "Repair an existing pool", "criteria": "Repair"}]}, {"position": 3, "text": "What type of In Ground pool do you need installed?", "attribute": "InGroundType", "answers": [{"display": "Concrete", "criteria": "Concrete"}, {"display": "Vinyl Lined", "criteria": "Vinyl Lined"}, {"display": "Fiberglass", "criteria": "Fiberglass"}]}]'::jsonb, true);
INSERT INTO services (id, category_id, name, slug, service_code, is_popular, sort_order) VALUES ('41205e30-8cd3-46d7-aad4-84985cb95bfd', 'def51b8a-d914-4bd2-b9f8-e2478e3c3425', 'Pool Enclosures', 'pool-enclosures', 'POOL_ENCLOSURE', false, 0);
INSERT INTO question_sets (id, service_id, version, questions, is_active) VALUES ('4809a9aa-94c0-48d0-a874-3f7e6a0dfb82', '41205e30-8cd3-46d7-aad4-84985cb95bfd', 1, '[{"position": 1, "text": "What kind of project is this?", "attribute": "ProjectType", "answers": [{"display": "Repair enclosure", "criteria": "Repair"}, {"display": "Build new enclosure", "criteria": "BuildNew"}, {"display": "Remodel to existing structure", "criteria": "Remodel"}]}]'::jsonb, true);
INSERT INTO services (id, category_id, name, slug, service_code, is_popular, sort_order) VALUES ('bf1fd1d1-bcc9-4bbe-b731-79d496c40183', 'def51b8a-d914-4bd2-b9f8-e2478e3c3425', 'Walk In Tubs Install or Replace', 'walk-in-tubs-install-or-replace', 'WALK_IN_TUBS', true, 0);
INSERT INTO question_sets (id, service_id, version, questions, is_active) VALUES ('d1e64f13-429d-4c2e-977a-b0da987cc1d9', 'bf1fd1d1-bcc9-4bbe-b731-79d496c40183', 1, '[{"position": 1, "text": "What is the biggest reason you are considering a walk-in tub?", "attribute": "Interest", "answers": [{"display": "For safety", "criteria": "Safety"}, {"display": "For therapeutic reasons", "criteria": "Therapeutic"}, {"display": "Other reasons", "criteria": "Other"}]}]'::jsonb, true);
INSERT INTO services (id, category_id, name, slug, service_code, is_popular, sort_order) VALUES ('d69e09c9-7e9b-4c7e-a4d1-e651822f9ecc', 'def51b8a-d914-4bd2-b9f8-e2478e3c3425', 'Walk In Tubs Repair or Service', 'walk-in-tubs-repair-or-service', 'WALK_IN_TUBS_SERVICE', true, 0);

-- Category: Bathroom Remodeling (3 services)
INSERT INTO services (id, category_id, name, slug, service_code, is_popular, sort_order) VALUES ('f2337e06-ad70-45ac-aec2-e9552bfca2e3', 'f5c840d5-f6aa-4b24-b169-e3570ee4e84b', 'Bathroom Refacing', 'bathroom-refacing', 'BATHROOM_REFACING', true, 0);
INSERT INTO services (id, category_id, name, slug, service_code, is_popular, sort_order) VALUES ('12853c98-49c4-4604-9fd9-0aef5925b3db', 'f5c840d5-f6aa-4b24-b169-e3570ee4e84b', 'Bathroom Remodeling', 'bathroom-remodeling', 'BATH_REMODEL', true, 0);
INSERT INTO question_sets (id, service_id, version, questions, is_active) VALUES ('dade72bf-1686-4e61-a4a5-6974e242b0a0', '12853c98-49c4-4604-9fd9-0aef5925b3db', 1, '[{"position": 1, "text": "Does your bathroom remodel require removing or adding any walls?", "attribute": "OptIn1", "answers": [{"display": "No", "criteria": "No"}, {"display": "Yes", "criteria": "Yes"}]}]'::jsonb, true);
INSERT INTO services (id, category_id, name, slug, service_code, is_popular, sort_order) VALUES ('9b019745-522c-4ae3-bd0f-3b7bd489fb1c', 'f5c840d5-f6aa-4b24-b169-e3570ee4e84b', 'Shower Door Install/Repair', 'shower-door-installrepair', 'SHOWER_GLASS_INSTALLDOOR', true, 0);

-- Category: Cleaning (3 services)
INSERT INTO services (id, category_id, name, slug, service_code, is_popular, sort_order) VALUES ('d8958af8-97c9-46ad-8685-111940122f95', 'a7af02b9-2504-427d-8708-b18e7c1e080c', 'House Cleaning', 'house-cleaning', 'HOUSE_CLEANING', true, 0);
INSERT INTO services (id, category_id, name, slug, service_code, is_popular, sort_order) VALUES ('d7a51840-6546-4963-926b-86f9ff4be581', 'a7af02b9-2504-427d-8708-b18e7c1e080c', 'Office Cleaning', 'office-cleaning', 'OFFICE_CLEANING', true, 0);
INSERT INTO services (id, category_id, name, slug, service_code, is_popular, sort_order) VALUES ('a6ccbc5d-8732-45c8-817d-e7003164db11', 'a7af02b9-2504-427d-8708-b18e7c1e080c', 'Upholstery Cleaning', 'upholstery-cleaning', 'UPHOLSTERY_CLEANING', true, 0);

-- Category: Custom Homes (3 services)
INSERT INTO services (id, category_id, name, slug, service_code, is_popular, sort_order) VALUES ('147efb79-9154-4d56-ade5-4e21a97748b5', 'a7dc18b3-4cdb-4f0e-a961-78b505d99117', 'Container Homes', 'container-homes', 'CONTAINER_HOMES', true, 0);
INSERT INTO services (id, category_id, name, slug, service_code, is_popular, sort_order) VALUES ('8ef7f8a8-733b-4c18-a43a-a8b722dae62d', 'a7dc18b3-4cdb-4f0e-a961-78b505d99117', 'Custom Homes with Lot', 'custom-homes-with-lot', 'CUSTOM_HOMES_WITH_LOT', true, 0);
INSERT INTO services (id, category_id, name, slug, service_code, is_popular, sort_order) VALUES ('01d45def-586d-4621-bf7f-43bc7ce3eb45', 'a7dc18b3-4cdb-4f0e-a961-78b505d99117', 'Custom Homes without Lot', 'custom-homes-without-lot', 'CUSTOM_HOMES_WITHOUT_LOT', true, 0);

-- Category: Architects (2 services)
INSERT INTO services (id, category_id, name, slug, service_code, is_popular, sort_order) VALUES ('fb51ebe3-7bfe-4b5a-9329-f7ebcec70862', '3a513e11-e4cd-4b33-b97b-3c50977d2505', 'Architects', 'architects', 'ARCHITECTS', true, 0);
INSERT INTO services (id, category_id, name, slug, service_code, is_popular, sort_order) VALUES ('5a665e33-8894-4934-a7ad-b8368088914a', '3a513e11-e4cd-4b33-b97b-3c50977d2505', 'Architectural Plan Designs', 'architectural-plan-designs', 'ARCHITECTURAL_PLAN_DESIGNS', true, 0);

-- Category: Decorators and Designers (9 services)
INSERT INTO services (id, category_id, name, slug, service_code, is_popular, sort_order) VALUES ('bc48d493-36fa-4668-bccf-a6452f9b1aff', '7f988268-e0fd-4e5b-a5e4-4eee5f32335c', 'Bathroom Designer', 'bathroom-designer', 'DESIGNER_BATHROOM', false, 0);
INSERT INTO services (id, category_id, name, slug, service_code, is_popular, sort_order) VALUES ('ab009fb5-86a8-42f9-b3c2-8302163099be', '7f988268-e0fd-4e5b-a5e4-4eee5f32335c', 'Building Designer', 'building-designer', 'DESIGNER_BUILDING', true, 0);
INSERT INTO services (id, category_id, name, slug, service_code, is_popular, sort_order) VALUES ('75708481-d943-4743-b47a-b6f023ce0ec0', '7f988268-e0fd-4e5b-a5e4-4eee5f32335c', 'Home Stager', 'home-stager', 'STAGE_HOME', true, 0);
INSERT INTO services (id, category_id, name, slug, service_code, is_popular, sort_order) VALUES ('f9d09500-fb25-4575-977c-a5ff79ee965b', '7f988268-e0fd-4e5b-a5e4-4eee5f32335c', 'Interior Decorator', 'interior-decorator', 'INTERIOR_DECORATOR', true, 0);
INSERT INTO services (id, category_id, name, slug, service_code, is_popular, sort_order) VALUES ('4e9dd669-2bc8-406b-8249-e9cf9cb7305f', '7f988268-e0fd-4e5b-a5e4-4eee5f32335c', 'Interior Lighting Designer', 'interior-lighting-designer', 'DESIGNER_INTERIOR_LIGHTING', false, 0);
INSERT INTO services (id, category_id, name, slug, service_code, is_popular, sort_order) VALUES ('240c00fa-6c91-4dca-902f-c7c8add9f8b5', '7f988268-e0fd-4e5b-a5e4-4eee5f32335c', 'Kitchen Designer', 'kitchen-designer', 'DESIGNER_KITCHEN', true, 0);
INSERT INTO services (id, category_id, name, slug, service_code, is_popular, sort_order) VALUES ('741a53dc-cffb-458f-ba6f-23972ee22be5', '7f988268-e0fd-4e5b-a5e4-4eee5f32335c', 'Landscape Designer', 'landscape-designer', 'DESIGNER_LANDSCAPE', false, 0);
INSERT INTO services (id, category_id, name, slug, service_code, is_popular, sort_order) VALUES ('8c5b7bed-47b7-4be3-8982-b092e147fa04', '7f988268-e0fd-4e5b-a5e4-4eee5f32335c', 'Other Designer', 'other-designer', 'DESIGNER_OTHER', false, 0);
INSERT INTO services (id, category_id, name, slug, service_code, is_popular, sort_order) VALUES ('bbd48a8c-b9dd-4bfc-ad86-ba6ed44f080b', '7f988268-e0fd-4e5b-a5e4-4eee5f32335c', 'Residential Designer', 'residential-designer', 'DESIGNER_RESIDENTIAL', false, 0);

-- Category: Kitchen Remodeling (1 services)
INSERT INTO services (id, category_id, name, slug, service_code, is_popular, sort_order) VALUES ('04797035-c3ef-4a4e-b062-15a154029055', 'de377b1f-87cb-4f38-a6a8-fcdc0f22c871', 'Kitchen Remodeling', 'kitchen-remodeling', 'KITCHEN_REMODEL', false, 0);
INSERT INTO question_sets (id, service_id, version, questions, is_active) VALUES ('f2f05fc7-d3c4-4bc7-996f-84745e926882', '04797035-c3ef-4a4e-b062-15a154029055', 1, '[{"position": 1, "text": "Does your kitchen remodel require removing or adding any walls?", "attribute": "OptIn", "answers": [{"display": "No", "criteria": "No"}, {"display": "Yes", "criteria": "Yes"}]}]'::jsonb, true);

-- Category: Foundations (2 services)
INSERT INTO services (id, category_id, name, slug, service_code, is_popular, sort_order) VALUES ('d43fde4d-2d48-4cda-baf3-6cd012ccd485', 'f92d518a-de95-4c3e-a394-c0e8978e56c7', 'Concrete Foundations', 'concrete-foundations', 'FOUNDATION_CONCRETE', false, 0);
INSERT INTO question_sets (id, service_id, version, questions, is_active) VALUES ('ea2f1181-d2ab-431a-a4e6-d48d655211e0', 'd43fde4d-2d48-4cda-baf3-6cd012ccd485', 1, '[{"position": 1, "text": "What is the nature of your concrete project?", "attribute": "ConcreteProjectScope", "answers": [{"display": "Install", "criteria": "Install"}, {"display": "Repair", "criteria": "Repair"}]}, {"position": 2, "text": "What kind of location is this?", "attribute": "CommercialLocation", "answers": [{"display": "Home", "criteria": "Home"}, {"display": "Business", "criteria": "Business"}]}]'::jsonb, true);
INSERT INTO services (id, category_id, name, slug, service_code, is_popular, sort_order) VALUES ('ea8c5a59-08b8-4e5b-a20b-1dd63e19adbf', 'f92d518a-de95-4c3e-a394-c0e8978e56c7', 'Excavation', 'excavation', 'EXCAVATION', false, 0);

-- Category: Windows (4 services)
INSERT INTO services (id, category_id, name, slug, service_code, is_popular, sort_order) VALUES ('fa43b9fa-3664-48e2-b7f5-985f97b9f323', 'c4a56d3c-1053-41fe-bc19-aa9441cfb513', 'Window Blinds', 'window-blinds', 'WINDOW_BLINDS', true, 0);
INSERT INTO services (id, category_id, name, slug, service_code, is_popular, sort_order) VALUES ('479614c1-9df8-4415-b130-0708a3a28aeb', 'c4a56d3c-1053-41fe-bc19-aa9441cfb513', 'Window Draperies', 'window-draperies', 'WINDOW_DRAPERIES', true, 0);
INSERT INTO services (id, category_id, name, slug, service_code, is_popular, sort_order) VALUES ('c6b29e6e-37aa-41d3-951e-68ed54d61ae4', 'c4a56d3c-1053-41fe-bc19-aa9441cfb513', 'Window Shutters', 'window-shutters', 'WINDOW_SHUTTERS', true, 0);
INSERT INTO services (id, category_id, name, slug, service_code, is_popular, sort_order) VALUES ('b211e734-7f4d-43ad-beeb-08e6d2f812dd', 'c4a56d3c-1053-41fe-bc19-aa9441cfb513', 'Install/Replace Windows', 'installreplace-windows', 'WINDOWS', true, 1);
INSERT INTO question_sets (id, service_id, version, questions, is_active) VALUES ('6b97d68d-a793-46c0-b379-4f9c53c8c6b9', 'b211e734-7f4d-43ad-beeb-08e6d2f812dd', 1, '[{"position": 1, "text": "How many windows are involved with this project?", "attribute": "NumberOfWindows", "answers": [{"display": "1", "criteria": "1"}, {"display": "2", "criteria": "2"}, {"display": "6-9", "criteria": "6-9"}, {"display": "3-5", "criteria": "3-5"}]}, {"position": 2, "text": "What is the nature of your windows project?", "attribute": "WindowsProjectScope", "answers": [{"display": "Window replacement and installation", "criteria": "Install"}, {"display": "Window and glass repair", "criteria": "Repair"}]}, {"position": 3, "text": "What type of windows are you looking for?", "attribute": "WindowMaterial", "answers": [{"display": "Vinyl", "criteria": "Vinyl"}, {"display": "Brick or Stone", "criteria": "Brick or Stone"}, {"display": "Wood", "criteria": "Wood"}, {"display": "Metal", "criteria": "Metal"}, {"display": "Aluminum", "criteria": "Aluminum"}]}]'::jsonb, true);

-- Category: Doors (1 services)
INSERT INTO services (id, category_id, name, slug, service_code, is_popular, sort_order) VALUES ('069f88b4-ffd9-4408-bc4f-e095464e3dd0', '55f1280d-885b-49ca-a50f-b5de9ec6062f', 'Doors', 'doors', 'DOOR', false, 0);
INSERT INTO question_sets (id, service_id, version, questions, is_active) VALUES ('c9ac08ef-e715-455b-a3d5-2b2633f9acd3', '069f88b4-ffd9-4408-bc4f-e095464e3dd0', 1, '[{"position": 1, "text": "What type of door are you interested in?", "attribute": "DoorType", "answers": [{"display": "Exterior", "criteria": "Exterior"}, {"display": "Interior", "criteria": "Interior"}, {"display": "Sliding Door", "criteria": "SlidingDoor"}, {"display": "Storm Door", "criteria": "StormDoor"}]}, {"position": 2, "text": "What is the nature of your door project?", "attribute": "DoorProjectScope", "answers": [{"display": "Install a new door", "criteria": "Install"}, {"display": "Repair an existing door", "criteria": "Repair"}]}, {"position": 3, "text": "What kind of location is this?", "attribute": "CommercialLocation", "answers": [{"display": "Business", "criteria": "Business"}, {"display": "Home", "criteria": "Home"}]}]'::jsonb, true);

-- Category: Home Security (2 services)
INSERT INTO services (id, category_id, name, slug, service_code, is_popular, sort_order) VALUES ('9b165ba9-266b-411d-a9d9-2b7b3ed76c15', '1c6e1811-fdb5-49f5-be61-ec90317a44db', 'Home Security', 'home-security', 'HOME_SECURITY', false, 0);
INSERT INTO question_sets (id, service_id, version, questions, is_active) VALUES ('0de548cf-8bb3-4f4c-a994-8e7edee8c1c6', '9b165ba9-266b-411d-a9d9-2b7b3ed76c15', 1, '[{"position": 1, "text": "How many entrances are there to your property?", "attribute": "NumberOfShutters", "answers": [{"display": "1", "criteria": "1"}, {"display": "5+", "criteria": "5"}, {"display": "3-4", "criteria": "3"}, {"display": "2", "criteria": "2"}, {"display": "Not sure", "criteria": "Not Sure"}]}, {"position": 2, "text": "What kind of service do you need?", "attribute": "SubProductService", "answers": [{"display": "New installation of home security system", "criteria": "Install"}, {"display": "Equipment only - I do not need monitoring services", "criteria": "Equipment"}, {"display": "Reactivation of an existing home security system", "criteria": "Reactivate"}]}, {"position": 3, "text": "Do you have an active home security system?", "attribute": "Monitoring", "answers": [{"display": "No", "criteria": "No"}, {"display": "Yes - I do not need a new security system or monitoring service", "criteria": "Yes"}, {"display": "Yes, but I want to switch to another provider", "criteria": "Switch"}, {"display": "Yes - I don not need a new security system or monitoring service", "criteria": "Yes"}]}, {"position": 4, "text": "What kind of location is this?", "attribute": "CommercialLocation", "answers": [{"display": "Home", "criteria": "Home"}, {"display": "Business", "criteria": "Business"}]}]'::jsonb, true);
INSERT INTO services (id, category_id, name, slug, service_code, is_popular, sort_order) VALUES ('9866b6ef-3705-4526-9464-e1768c3a9761', '1c6e1811-fdb5-49f5-be61-ec90317a44db', 'Surveillance Camera', 'surveillance-camera', 'SECURITY_CAMERAS', true, 0);

-- Category: Garage Doors (1 services)
INSERT INTO services (id, category_id, name, slug, service_code, is_popular, sort_order) VALUES ('42e56d5d-0c1c-41b5-8a9e-72f5a5a4f765', '93bf03c3-a80c-4802-be85-ff3b4a6c48a7', 'Garage Doors', 'garage-doors', 'GARAGE_DOOR', false, 0);
INSERT INTO question_sets (id, service_id, version, questions, is_active) VALUES ('023efc6c-0bc2-4269-83f2-55a8ed81b0b6', '42e56d5d-0c1c-41b5-8a9e-72f5a5a4f765', 1, '[{"position": 1, "text": "What is the nature of your garage door project?", "attribute": "GarageDoorProjectScope", "answers": [{"display": "Repair existing garage door", "criteria": "Repair"}, {"display": "Install new garage door", "criteria": "Install"}]}, {"position": 2, "text": "What kind of location is this?", "attribute": "CommercialLocation", "answers": [{"display": "Home", "criteria": "Home"}, {"display": "Business", "criteria": "Business"}]}]'::jsonb, true);

-- Category: Carpet (1 services)
INSERT INTO services (id, category_id, name, slug, service_code, is_popular, sort_order) VALUES ('2dc95bbd-b6c4-45dc-afd2-95efb3e1d03d', '4dbe34c4-c25f-44d9-92ed-0dc9c4ea008e', 'Install Carpet', 'install-carpet', 'CARPET_WHOLESALE', false, 0);

-- Category: Sunrooms (1 services)
INSERT INTO services (id, category_id, name, slug, service_code, is_popular, sort_order) VALUES ('8997eae3-76fd-4392-9215-3641dd7c7366', 'caa3ccb8-66ea-4665-adbc-caffa1ac8a73', 'Sunrooms', 'sunrooms', 'SUNROOM', false, 0);

-- Category: Pest Control (1 services)
INSERT INTO services (id, category_id, name, slug, service_code, is_popular, sort_order) VALUES ('f51e3500-075d-468b-9cb0-0f605f71ecd1', 'cbb245e3-1a23-4e78-bbc3-aed1576f662a', 'Pest Control', 'pest-control', 'PEST_CONTROL', false, 0);
INSERT INTO question_sets (id, service_id, version, questions, is_active) VALUES ('5fd96e03-10aa-4d62-a8fe-4bb60a8f673f', 'f51e3500-075d-468b-9cb0-0f605f71ecd1', 1, '[{"position": 1, "text": "What type of pest do you need assistance removing?", "attribute": "PestType", "answers": [{"display": "Bugs and/or Insects", "criteria": "BugsInsects"}, {"display": "Birds and/or Bats", "criteria": "BirdsBats"}, {"display": "Rodents", "criteria": "Rodents"}, {"display": "Small Animals", "criteria": "SmallAnimals"}, {"display": "Termite", "criteria": "Termite"}, {"display": "Mosquitoes and/or Ticks", "criteria": "MosquitosTicks"}]}, {"position": 2, "text": "What kind of location is this?", "attribute": "CommercialLocation", "answers": [{"display": "Home", "criteria": "Home"}, {"display": "Business", "criteria": "Business"}]}]'::jsonb, true);

-- Category: Insulation (1 services)
INSERT INTO services (id, category_id, name, slug, service_code, is_popular, sort_order) VALUES ('32a53a33-1cee-4b44-a205-485056f35357', 'b0defb48-1ed8-4d44-a98c-15e9742d6962', 'Insulation', 'insulation', 'INSULATION', false, 0);
INSERT INTO question_sets (id, service_id, version, questions, is_active) VALUES ('d18eb6bd-502a-4635-82d1-7efbedbeb285', '32a53a33-1cee-4b44-a205-485056f35357', 1, '[{"position": 1, "text": "What type of Insulation are you looking for?", "attribute": "TypeInsulation", "answers": [{"display": "Spray Foam", "criteria": "SprayFoamInsulation"}, {"display": "Blown-In", "criteria": "BlownInsulation"}, {"display": "Batt, Rolled or Reflective", "criteria": "BattRolledReflective"}, {"display": "Other", "criteria": "Other"}, {"display": "Soundproofing", "criteria": "Soundproofing"}]}]'::jsonb, true);

-- Category: Junk Removal (1 services)
INSERT INTO services (id, category_id, name, slug, service_code, is_popular, sort_order) VALUES ('b8977878-52e1-4d07-a7aa-b9d307edb5c5', 'e4fd2cf4-1ff9-478c-8b1c-a6426838ebd6', 'Debris/Junk Removal', 'debrisjunk-removal', 'JUNK_REMOVAL', false, 0);

-- Category: Rental Services (4 services)
INSERT INTO services (id, category_id, name, slug, service_code, is_popular, sort_order) VALUES ('ba29471f-f3ec-4075-aeab-8a785c50b586', '1a793d1c-085b-465d-8f0d-87ccc0d8f70e', 'Mobile Offices', 'mobile-offices', 'MOBILE_OFFICES', true, 0);
INSERT INTO services (id, category_id, name, slug, service_code, is_popular, sort_order) VALUES ('52ade9fd-b06a-48c4-a2a6-7920a3e62fc5', '1a793d1c-085b-465d-8f0d-87ccc0d8f70e', 'Storage Containers', 'storage-containers', 'STORAGE_CONTAINERS', true, 0);
INSERT INTO services (id, category_id, name, slug, service_code, is_popular, sort_order) VALUES ('f4c77fd1-614f-4baa-9ea1-81dbff7a1a9d', '1a793d1c-085b-465d-8f0d-87ccc0d8f70e', 'Temporary Fencing', 'temporary-fencing', 'TEMPORARY_FENCING', true, 0);
INSERT INTO services (id, category_id, name, slug, service_code, is_popular, sort_order) VALUES ('226db9f8-be91-4c76-a6d6-4c74fea6157a', '1a793d1c-085b-465d-8f0d-87ccc0d8f70e', 'Temporary Power', 'temporary-power', 'TEMPORARY_POWER', true, 0);

-- Category: Demolition (1 services)
INSERT INTO services (id, category_id, name, slug, service_code, is_popular, sort_order) VALUES ('2dee0a08-5141-4910-9962-c000b7fe0864', 'bc0a43c8-976e-4c07-8b1c-24c1e389849d', 'Demolition Services', 'demolition-services', 'DEMOLITION', false, 0);

-- Category: Countertops (1 services)
INSERT INTO services (id, category_id, name, slug, service_code, is_popular, sort_order) VALUES ('601bfbf7-413b-46f1-932f-248a9ee277c6', 'e3995f6c-bcac-4a5e-8ad4-f692ee6364af', 'Countertops', 'countertops', 'COUNTERTOP', false, 0);
INSERT INTO question_sets (id, service_id, version, questions, is_active) VALUES ('01a36c17-a275-42a5-941b-d470bab7cdc0', '601bfbf7-413b-46f1-932f-248a9ee277c6', 1, '[{"position": 1, "text": "What type of countertop are you interested in?", "attribute": "CountertopType", "answers": [{"display": "Laminate", "criteria": "Laminate"}, {"display": "Wood", "criteria": "Wood"}, {"display": "Stainless Steel", "criteria": "Stainless Steel"}, {"display": "Marble", "criteria": "Marble"}, {"display": "Concrete", "criteria": "Concrete"}, {"display": "Other Solid Stone", "criteria": "Other Solid Stone"}, {"display": "Granite", "criteria": "Granite"}, {"display": "Solid Surface", "criteria": "Solid Surface"}]}, {"position": 2, "text": "What is the nature of your countertop project?", "attribute": "CountertopProjectScope", "answers": [{"display": "Repair an existing countertop", "criteria": "Repair"}, {"display": "Install a new countertop", "criteria": "Install"}, {"display": "Polish countertop", "criteria": "Polishing"}]}, {"position": 3, "text": "What kind of location is this?", "attribute": "CommercialLocation", "answers": [{"display": "Home", "criteria": "Home"}, {"display": "Business", "criteria": "Business"}]}]'::jsonb, true);

-- Category: Carpet Cleaning (1 services)
INSERT INTO services (id, category_id, name, slug, service_code, is_popular, sort_order) VALUES ('71f6e663-7564-4f57-a782-9c8ba51821aa', 'b5760876-2bbd-4b44-9f71-e091347c3fa6', 'Carpet Cleaning', 'carpet-cleaning', 'CARPET_CLEANING', false, 0);

-- Category: Window Cleaning (1 services)
INSERT INTO services (id, category_id, name, slug, service_code, is_popular, sort_order) VALUES ('08190f81-4c8e-4e32-84da-3a19eb2b05a3', 'ac8852db-e379-451a-8202-0023f9bc73fa', 'Windows Cleaning', 'windows-cleaning', 'WINDOWS_CLEANING', false, 0);

-- Category: Chimney Sweeping (1 services)
INSERT INTO services (id, category_id, name, slug, service_code, is_popular, sort_order) VALUES ('7914fdc1-83e7-4770-92f6-21645fd4bb1e', 'f3da7af3-1b16-470d-87f6-f08be28a50fd', 'Chimney Sweeping', 'chimney-sweeping', 'CHIMNEY_SWEEPING', false, 0);

-- Category: Pressure Cleaning (1 services)
INSERT INTO services (id, category_id, name, slug, service_code, is_popular, sort_order) VALUES ('5574b245-5cfb-4cab-88f0-8d1b365aff5c', '64ac3d94-b55d-4a4e-aa67-1d7bbeb2c518', 'Power Washing', 'power-washing', 'POWER_WASHING', false, 0);

-- Category: Masonry (6 services)
INSERT INTO services (id, category_id, name, slug, service_code, is_popular, sort_order) VALUES ('8f8c39ac-58f7-4f48-aa85-2aaddd590ec4', '64684e61-f62a-47d4-9158-d05cdcd71c26', 'Brick and Stone Patios, Walks & Steps', 'brick-and-stone-patios-walks-steps', 'BRICK_WORK', false, 0);
INSERT INTO question_sets (id, service_id, version, questions, is_active) VALUES ('af0d04a1-faa7-4a30-9d66-8d4aa07cef33', '8f8c39ac-58f7-4f48-aa85-2aaddd590ec4', 1, '[{"position": 1, "text": "What type of work do you need?", "attribute": "WorkType", "answers": [{"display": "Interlocking Paving", "criteria": "Interlocking Paving"}, {"display": "Brick Work", "criteria": "Brick Work"}]}]'::jsonb, true);
INSERT INTO services (id, category_id, name, slug, service_code, is_popular, sort_order) VALUES ('9f63caf1-2383-4bb5-998e-67c5e3586ee6', '64684e61-f62a-47d4-9158-d05cdcd71c26', 'Brick or Stone Fireplace Repair', 'brick-or-stone-fireplace-repair', 'BRICK_STONE_FIREPLACE', true, 0);
INSERT INTO question_sets (id, service_id, version, questions, is_active) VALUES ('46e544cd-66d7-48b2-a7a2-5ab344676357', '9f63caf1-2383-4bb5-998e-67c5e3586ee6', 1, '[{"position": 1, "text": "Does your fireplace use natural gas", "attribute": "NaturalGas", "answers": [{"display": "Yes", "criteria": "Yes"}, {"display": "No", "criteria": "No"}]}]'::jsonb, true);
INSERT INTO services (id, category_id, name, slug, service_code, is_popular, sort_order) VALUES ('5a9abd34-c4f2-463f-ad9b-593d7eb26dda', '64684e61-f62a-47d4-9158-d05cdcd71c26', 'Masonry Work', 'masonry-work', 'MASONRY_WORK', true, 0);
INSERT INTO question_sets (id, service_id, version, questions, is_active) VALUES ('4b5af744-6fdc-424f-9a60-6e59136c750f', '5a9abd34-c4f2-463f-ad9b-593d7eb26dda', 1, '[{"position": 1, "text": "What is the nature of your masonry project?", "attribute": "MasonryProjectScope", "answers": [{"display": "Install", "criteria": "Install"}, {"display": "Repair", "criteria": "Repair"}]}, {"position": 2, "text": "What kind of location is this?", "attribute": "CommercialLocation", "answers": [{"display": "Home", "criteria": "Home"}, {"display": "Business", "criteria": "Business"}]}]'::jsonb, true);
INSERT INTO services (id, category_id, name, slug, service_code, is_popular, sort_order) VALUES ('6cebdadf-3917-48db-b697-8a92cb236486', '64684e61-f62a-47d4-9158-d05cdcd71c26', 'Stamped Concrete', 'stamped-concrete', 'CONCRETE_STAMPED_COLOR', false, 0);
INSERT INTO question_sets (id, service_id, version, questions, is_active) VALUES ('066bcf6c-ddf3-4dbf-9d5a-77e0e42bcdcf', '6cebdadf-3917-48db-b697-8a92cb236486', 1, '[{"position": 1, "text": "What is the nature of your masonry project?", "attribute": "MasonryProjectScope", "answers": [{"display": "Install", "criteria": "Install"}, {"display": "Repair", "criteria": "Repair"}]}, {"position": 2, "text": "What kind of location is this?", "attribute": "CommercialLocation", "answers": [{"display": "Home", "criteria": "Home"}, {"display": "Business", "criteria": "Business"}]}]'::jsonb, true);
INSERT INTO services (id, category_id, name, slug, service_code, is_popular, sort_order) VALUES ('09e8a900-df33-4af1-b4bb-e5619e24651f', '64684e61-f62a-47d4-9158-d05cdcd71c26', 'Stone Masonry', 'stone-masonry', 'STONE_MASONRY', false, 0);
INSERT INTO services (id, category_id, name, slug, service_code, is_popular, sort_order) VALUES ('055a6cd8-c808-4624-a4d0-cc38a2141f82', '64684e61-f62a-47d4-9158-d05cdcd71c26', 'Stone Polishing', 'stone-polishing', 'STONE_POLISH', false, 0);
INSERT INTO question_sets (id, service_id, version, questions, is_active) VALUES ('4f575274-e274-4e69-97db-b945ec09070a', '055a6cd8-c808-4624-a4d0-cc38a2141f82', 1, '[{"position": 1, "text": "Where is stone located", "attribute": "LocationStone", "answers": [{"display": "Exterior", "criteria": "Exterior"}, {"display": "Interior", "criteria": "Interior"}]}]'::jsonb, true);

-- Category: Tree Service (3 services)
INSERT INTO services (id, category_id, name, slug, service_code, is_popular, sort_order) VALUES ('6be3e9ed-1daf-4c9a-bcb1-2c88fd98010e', '9e18ffba-acce-47a8-98b5-613ba12dd212', 'Stump Grinding/Removal', 'stump-grindingremoval', 'STUMP_GRINDING', false, 0);
INSERT INTO services (id, category_id, name, slug, service_code, is_popular, sort_order) VALUES ('b8378620-8e14-4c7d-976d-832dbd7c7799', '9e18ffba-acce-47a8-98b5-613ba12dd212', 'Tree Removal', 'tree-removal', 'TREE_REMOVAL', false, 0);
INSERT INTO services (id, category_id, name, slug, service_code, is_popular, sort_order) VALUES ('7047eebc-1733-4fe3-b564-ce5ec2bb9a51', '9e18ffba-acce-47a8-98b5-613ba12dd212', 'Tree Trimming', 'tree-trimming', 'TREE_TRIMMING', false, 0);

-- Category: Gutters (2 services)
INSERT INTO services (id, category_id, name, slug, service_code, is_popular, sort_order) VALUES ('ecfbebf2-7867-4191-b74a-a98f53d37766', 'fc445ceb-5fa8-4d72-a417-063734defd56', 'Gutter Covers', 'gutter-covers', 'GUTTER_COVERS', false, 0);
INSERT INTO question_sets (id, service_id, version, questions, is_active) VALUES ('e80d2f81-4786-4a72-b9d4-3a4df1bccbfb', 'ecfbebf2-7867-4191-b74a-a98f53d37766', 1, '[{"position": 1, "text": "What is the nature of your gutter project?", "attribute": "GuttersProjectScope", "answers": [{"display": "Install a new gutter system", "criteria": "Install"}, {"display": "Repair an existing gutter system", "criteria": "Repair"}]}, {"position": 2, "text": "What kind of location is this?", "attribute": "CommercialLocation", "answers": [{"display": "Home", "criteria": "Home"}, {"display": "Business", "criteria": "Business"}]}]'::jsonb, true);
INSERT INTO services (id, category_id, name, slug, service_code, is_popular, sort_order) VALUES ('1396c954-99a2-417c-9e55-f348ef0dd6f3', 'fc445ceb-5fa8-4d72-a417-063734defd56', 'Gutters', 'gutters', 'GUTTERS', false, 0);
INSERT INTO question_sets (id, service_id, version, questions, is_active) VALUES ('00c006d0-9c73-4687-a975-5c3200703c18', '1396c954-99a2-417c-9e55-f348ef0dd6f3', 1, '[{"position": 1, "text": "What type of gutter are you interested in?", "attribute": "GutterType", "answers": [{"display": "Seamless Metal", "criteria": "SeamlessMetal"}, {"display": "Wood", "criteria": "Wood"}, {"display": "PVC", "criteria": "PVC"}, {"display": "Galvanized", "criteria": "Galvanized"}, {"display": "Copper", "criteria": "Copper"}]}, {"position": 2, "text": "What is the nature of your gutter project?", "attribute": "GuttersProjectScope", "answers": [{"display": "Cleaning & Maintenance", "criteria": "Cleaning"}, {"display": "Repair an existing gutter system", "criteria": "Repair"}, {"display": "Install a new gutter system", "criteria": "Install"}]}, {"position": 3, "text": "What kind of location is this?", "attribute": "CommercialLocation", "answers": [{"display": "Home", "criteria": "Home"}, {"display": "Business", "criteria": "Business"}]}]'::jsonb, true);

-- Category: Asbestos (2 services)
INSERT INTO services (id, category_id, name, slug, service_code, is_popular, sort_order) VALUES ('38050532-eaee-4d9f-a743-09a37e551179', '0fd225af-e934-40cd-a960-6d6c2b281a0f', 'Asbestos Abatement', 'asbestos-abatement', 'ASBESTOS_ABATEMENT', false, 0);
INSERT INTO services (id, category_id, name, slug, service_code, is_popular, sort_order) VALUES ('48e56f46-0d4e-4c07-8fb5-526ced5085d6', '0fd225af-e934-40cd-a960-6d6c2b281a0f', 'Asbestos Testing', 'asbestos-testing', 'ASBESTOS_TESTING', false, 0);

-- Category: Toxic Materials (4 services)
INSERT INTO services (id, category_id, name, slug, service_code, is_popular, sort_order) VALUES ('16f88fb7-5edc-472b-9ff4-0d72b528e5fe', '6d3e2464-4389-4e6b-8009-eab567c512e5', 'Radon Gas Abatement', 'radon-gas-abatement', 'RADON_GAS_ABATEMENT', true, 0);
INSERT INTO question_sets (id, service_id, version, questions, is_active) VALUES ('7e43ffd0-0317-4976-8524-15bb16268f87', '16f88fb7-5edc-472b-9ff4-0d72b528e5fe', 1, '[{"position": 1, "text": "What kind of location is this?", "attribute": "CommercialLocation", "answers": [{"display": "Home/Residence", "criteria": "Home"}, {"display": "Business", "criteria": "Business"}]}, {"position": 2, "text": "Is this an emergency?", "attribute": "EmergencyService", "answers": [{"display": "Yes", "criteria": "Yes"}, {"display": "No", "criteria": "No"}]}]'::jsonb, true);
INSERT INTO services (id, category_id, name, slug, service_code, is_popular, sort_order) VALUES ('9a776445-04f8-4551-82b5-d8dbd20aa5f2', '6d3e2464-4389-4e6b-8009-eab567c512e5', 'Radon Gas Testing', 'radon-gas-testing', 'RADON_GAS_TESTING', false, 0);
INSERT INTO question_sets (id, service_id, version, questions, is_active) VALUES ('53901c7d-a458-4b09-9661-6542e682a0f4', '9a776445-04f8-4551-82b5-d8dbd20aa5f2', 1, '[{"position": 1, "text": "What kind of location is this?", "attribute": "CommercialLocation", "answers": [{"display": "Business", "criteria": "Business"}, {"display": "Home/Residence", "criteria": "Home"}]}]'::jsonb, true);
INSERT INTO services (id, category_id, name, slug, service_code, is_popular, sort_order) VALUES ('59458486-db4a-4e99-a5a5-0469f48000dd', '6d3e2464-4389-4e6b-8009-eab567c512e5', 'Toxic Lead Abatement', 'toxic-lead-abatement', 'TOXIC_LEAD_ABATEMENT', true, 0);
INSERT INTO question_sets (id, service_id, version, questions, is_active) VALUES ('4ec11d7d-0ca9-4985-9681-f3a787c902f7', '59458486-db4a-4e99-a5a5-0469f48000dd', 1, '[{"position": 1, "text": "What kind of location is this?", "attribute": "CommercialLocation", "answers": [{"display": "Home/Residence", "criteria": "Home"}, {"display": "Business", "criteria": "Business"}]}, {"position": 2, "text": "Is this an emergency?", "attribute": "EmergencyService", "answers": [{"display": "Yes", "criteria": "Yes"}, {"display": "No", "criteria": "No"}]}]'::jsonb, true);
INSERT INTO services (id, category_id, name, slug, service_code, is_popular, sort_order) VALUES ('e5689756-26cf-4d1d-ace8-60049d7aad30', '6d3e2464-4389-4e6b-8009-eab567c512e5', 'Toxic Lead Testing', 'toxic-lead-testing', 'TOXIC_LEAD_TESTING', true, 0);
INSERT INTO question_sets (id, service_id, version, questions, is_active) VALUES ('9ac59165-fc90-4c97-b9a6-59e79d3adb46', 'e5689756-26cf-4d1d-ace8-60049d7aad30', 1, '[{"position": 1, "text": "What kind of location is this?", "attribute": "CommercialLocation", "answers": [{"display": "Home/Residence", "criteria": "Home"}, {"display": "Business", "criteria": "Business"}]}]'::jsonb, true);

-- Category: Locksmiths (1 services)
INSERT INTO services (id, category_id, name, slug, service_code, is_popular, sort_order) VALUES ('372c1aaf-afae-4f6c-a690-15726dac73f9', '8fe3ede4-0e89-4bc3-b5e3-8d6942937d76', 'Locksmith Services', 'locksmith-services', 'LOCKSMITH', false, 0);
INSERT INTO question_sets (id, service_id, version, questions, is_active) VALUES ('beea0011-8f6b-4fcd-80e6-e0e5e0b6a4d7', '372c1aaf-afae-4f6c-a690-15726dac73f9', 1, '[{"position": 1, "text": "Where do you need service?", "attribute": "ServiceLocation", "answers": [{"display": "Home/Residence", "criteria": "Home"}, {"display": "Business", "criteria": "Business"}, {"display": "Car", "criteria": "Car"}]}, {"position": 2, "text": "Is this an emergency?", "attribute": "LocksmithEmergency", "answers": [{"display": "Yes", "criteria": "Yes"}, {"display": "No", "criteria": "No"}]}]'::jsonb, true);

-- Category: Home Inspections (2 services)
INSERT INTO services (id, category_id, name, slug, service_code, is_popular, sort_order) VALUES ('a1aa582d-c38d-462b-9f4a-16c9cb23fc8c', '4e4d7547-749a-4259-acc7-17e72c50c0ff', 'General Home Inspection', 'general-home-inspection', 'INSPECTOR_GENERALHOME', true, 0);
INSERT INTO services (id, category_id, name, slug, service_code, is_popular, sort_order) VALUES ('b9a21df0-4863-41f0-a271-95e0f6954051', '4e4d7547-749a-4259-acc7-17e72c50c0ff', 'Roofing Inspection', 'roofing-inspection', 'INSPECTOR_ROOFING', true, 0);

-- Category: Cabinets (3 services)
INSERT INTO services (id, category_id, name, slug, service_code, is_popular, sort_order) VALUES ('38296c10-14cf-41bb-bfd7-7f3d62c5173c', '76794a49-44d6-435a-a8da-098b0e458564', 'Cabinet Refinishing', 'cabinet-refinishing', 'CABINET_REFINISH', false, 0);
INSERT INTO services (id, category_id, name, slug, service_code, is_popular, sort_order) VALUES ('d9e8b042-d6b3-49bb-81b8-36a06f4f2d8e', '76794a49-44d6-435a-a8da-098b0e458564', 'Install Cabinets', 'install-cabinets', 'CABINET_INSTALL', false, 0);
INSERT INTO services (id, category_id, name, slug, service_code, is_popular, sort_order) VALUES ('e27ccfa6-9860-45e0-9f69-79ae0e6ec51e', '76794a49-44d6-435a-a8da-098b0e458564', 'Reface Cabinets', 'reface-cabinets', 'CABINET_REFACING', false, 0);

-- Category: Concrete (6 services)
INSERT INTO services (id, category_id, name, slug, service_code, is_popular, sort_order) VALUES ('010380f9-1c6e-4d6d-8b1f-509e97d942d8', 'ae321b44-9923-4b98-a7a8-0b5a3fe83330', 'Asphalt Services', 'asphalt-services', 'ASPHALT', false, 0);
INSERT INTO services (id, category_id, name, slug, service_code, is_popular, sort_order) VALUES ('8477eec5-635b-45ab-b7b3-8ec7bf2f9af4', 'ae321b44-9923-4b98-a7a8-0b5a3fe83330', 'Concrete Delivery', 'concrete-delivery', 'CONCRETE_DELIVERY', false, 0);
INSERT INTO services (id, category_id, name, slug, service_code, is_popular, sort_order) VALUES ('cc7038ff-fd0e-4b3b-b9a6-1454358e525e', 'ae321b44-9923-4b98-a7a8-0b5a3fe83330', 'Concrete or Epoxy Floor Coating', 'concrete-or-epoxy-floor-coating', 'CONCRETE_COATING', false, 0);
INSERT INTO question_sets (id, service_id, version, questions, is_active) VALUES ('e11b3857-41bc-46a5-a9d4-215525293450', 'cc7038ff-fd0e-4b3b-b9a6-1454358e525e', 1, '[{"position": 1, "text": "What kind of location is this?", "attribute": "CommercialLocation", "answers": [{"display": "Home", "criteria": "Home"}, {"display": "Business", "criteria": "Business"}]}]'::jsonb, true);
INSERT INTO services (id, category_id, name, slug, service_code, is_popular, sort_order) VALUES ('57543fb4-89c6-43e6-bc3f-df767b6ac4b0', 'ae321b44-9923-4b98-a7a8-0b5a3fe83330', 'Concrete Polishing', 'concrete-polishing', 'CONCRETE_POLISH', false, 0);
INSERT INTO services (id, category_id, name, slug, service_code, is_popular, sort_order) VALUES ('108f5df8-a038-46f1-9bcd-07b438a147ee', 'ae321b44-9923-4b98-a7a8-0b5a3fe83330', 'Concrete Work', 'concrete-work', 'CONCRETE_FLATWORK', false, 0);
INSERT INTO question_sets (id, service_id, version, questions, is_active) VALUES ('c7a23cfa-13c7-4433-8d59-5e9f225c0d67', '108f5df8-a038-46f1-9bcd-07b438a147ee', 1, '[{"position": 1, "text": "What is the nature of your concrete project?", "attribute": "ConcreteProjectScope", "answers": [{"display": "Install", "criteria": "Install"}, {"display": "Repair", "criteria": "Repair"}]}, {"position": 2, "text": "What kind of location is this?", "attribute": "CommercialLocation", "answers": [{"display": "Home", "criteria": "Home"}, {"display": "Business", "criteria": "Business"}]}]'::jsonb, true);
INSERT INTO services (id, category_id, name, slug, service_code, is_popular, sort_order) VALUES ('8bbe0c79-b200-4b83-b5fa-49eca9ae09c2', 'ae321b44-9923-4b98-a7a8-0b5a3fe83330', 'Driveways & Floors', 'driveways-floors', 'CONCRETE_DRIVEWAYS_FLOORS', false, 0);
INSERT INTO question_sets (id, service_id, version, questions, is_active) VALUES ('b0f1fd1d-50aa-4094-9012-a24eb786b809', '8bbe0c79-b200-4b83-b5fa-49eca9ae09c2', 1, '[{"position": 1, "text": "What is the nature of your concrete project?", "attribute": "ConcreteProjectScope", "answers": [{"display": "Install", "criteria": "Install"}, {"display": "Repair", "criteria": "Repair"}]}, {"position": 2, "text": "What kind of location is this?", "attribute": "CommercialLocation", "answers": [{"display": "Home", "criteria": "Home"}, {"display": "Business", "criteria": "Business"}]}]'::jsonb, true);

-- Category: Home Appraisals (2 services)
INSERT INTO services (id, category_id, name, slug, service_code, is_popular, sort_order) VALUES ('cdac7c67-35a8-4768-9fbb-6736e94d27bc', '2209e266-443b-4e47-bee8-453bf5023f09', 'Land Surveyor', 'land-surveyor', 'LAND_SURVEYOR', true, 0);
INSERT INTO services (id, category_id, name, slug, service_code, is_popular, sort_order) VALUES ('0eb4f602-4177-4731-8ff4-c86c9422c62f', '2209e266-443b-4e47-bee8-453bf5023f09', 'Real Estate Appraisers', 'real-estate-appraisers', 'APPRAISER_REALESTATE', true, 0);

-- Category: Mold (3 services)
INSERT INTO services (id, category_id, name, slug, service_code, is_popular, sort_order) VALUES ('278d34b8-b467-4f97-9b58-fccfdfc7bc15', 'ec174d64-644a-470a-8313-139fddc9c75d', 'Mold Inspection', 'mold-inspection', 'MOLD_INSPECTION', false, 0);
INSERT INTO services (id, category_id, name, slug, service_code, is_popular, sort_order) VALUES ('aa6a268f-7316-4e7b-9fcd-fe5e489ebc91', 'ec174d64-644a-470a-8313-139fddc9c75d', 'Mold Inspection & Removal', 'mold-inspection-removal', 'MOLD_INSPECTION_REMOVAL', false, 0);
INSERT INTO services (id, category_id, name, slug, service_code, is_popular, sort_order) VALUES ('c7d0bc90-4ff8-408c-a0b8-09f1902fa605', 'ec174d64-644a-470a-8313-139fddc9c75d', 'Mold Removal', 'mold-removal', 'MOLD_REMOVAL', false, 0);

-- Category: Portable Toilets (1 services)
INSERT INTO services (id, category_id, name, slug, service_code, is_popular, sort_order) VALUES ('dbb2d2b8-1776-43da-a0b0-3e5d2a6f1baf', '9f354560-69f6-4153-bd93-9be354eb358b', 'Portable Toilets', 'portable-toilets', 'PORTABLE_TOILETS', false, 0);

-- Category: Dumpster Rental (1 services)
INSERT INTO services (id, category_id, name, slug, service_code, is_popular, sort_order) VALUES ('ea29beac-c28c-489d-9871-49d78d1da564', 'cf19231a-4950-48c8-b603-8b34449aa449', 'Dumpster Rental', 'dumpster-rental', 'DUMPSTER_RENTAL', false, 0);

-- Category: Basement Waterproofing (1 services)
INSERT INTO services (id, category_id, name, slug, service_code, is_popular, sort_order) VALUES ('0d4c3c63-ab34-410f-9246-0dcbfeb5ebcf', 'e07cec0b-696c-40c7-9c55-7ad3ae50acd3', 'Basement Waterproofing', 'basement-waterproofing', 'BASEMENT_WATERPROOFING', false, 0);

-- Category: Water Damage Restoration (1 services)
INSERT INTO services (id, category_id, name, slug, service_code, is_popular, sort_order) VALUES ('8f5d5c2e-ceeb-4375-abd9-519125de0427', 'b915335f-bfd5-4e6f-8454-5780fe002b9e', 'Water Damage Restoration', 'water-damage-restoration', 'WATER_PEST_DAMAGE', true, 0);

-- Category: Appliances (2 services)
INSERT INTO services (id, category_id, name, slug, service_code, is_popular, sort_order) VALUES ('9ab2a47f-bc04-48cc-9e33-c48077db9ddd', '7c836309-829c-4893-92be-eedb76267d74', 'Appliance Installation', 'appliance-installation', 'APPLIANCES_INSTALL', true, 0);
INSERT INTO services (id, category_id, name, slug, service_code, is_popular, sort_order) VALUES ('a924017b-dc50-4e35-ad5c-949ba9635b0b', '7c836309-829c-4893-92be-eedb76267d74', 'Appliance Repair', 'appliance-repair', 'APPLIANCES_REPAIR', false, 0);
INSERT INTO question_sets (id, service_id, version, questions, is_active) VALUES ('df8b9659-c880-42f6-a24d-7783fe82bfd2', 'a924017b-dc50-4e35-ad5c-949ba9635b0b', 1, '[{"position": 1, "text": "Which household appliance needs repair?", "attribute": "ApplianceType", "answers": [{"display": "Window Unit", "criteria": "WindowUnit"}, {"display": "Cook top", "criteria": "CookTop"}, {"display": "Clothes Dryer", "criteria": "ClothesDryer"}, {"display": "Clothes Washer", "criteria": "ClothesWasher"}, {"display": "Refrigerator or freezer", "criteria": "RefrigeratorFreezer"}, {"display": "Dishwasher", "criteria": "Dishwasher"}, {"display": "Garbage disposer", "criteria": "GarbageDisposer"}, {"display": "Ice maker", "criteria": "IceMaker"}, {"display": "Microwave oven", "criteria": "MicrowaveOven"}, {"display": "Range or wall oven", "criteria": "RangeWallOven"}, {"display": "Trash Compactor", "criteria": "TrashCompactor"}, {"display": "Ventilation hood", "criteria": "VentilationHood"}, {"display": "Other/Not Listed", "criteria": "NotListed"}]}]'::jsonb, true);

-- Category: Furniture (4 services)
INSERT INTO services (id, category_id, name, slug, service_code, is_popular, sort_order) VALUES ('288ae19c-24a1-4ffe-9a3f-e825211bb938', 'd46fc3a4-a93a-4f30-bdad-b40bc729c6a1', 'Construct Built-In Furniture', 'construct-built-in-furniture', 'CARPENTRY_BUILT_IN_FURNITURE', true, 0);
INSERT INTO services (id, category_id, name, slug, service_code, is_popular, sort_order) VALUES ('697a4b4b-a3f6-4d6f-b3ea-709a3c8435e2', 'd46fc3a4-a93a-4f30-bdad-b40bc729c6a1', 'Refinish or Restore Furniture', 'refinish-or-restore-furniture', 'FURNITURE_REFINISH_RESTORE', true, 0);
INSERT INTO services (id, category_id, name, slug, service_code, is_popular, sort_order) VALUES ('17fa5482-d010-4db2-90ef-14b809d61fc2', 'd46fc3a4-a93a-4f30-bdad-b40bc729c6a1', 'Repair Furniture', 'repair-furniture', 'FURNITURE_REPAIR', true, 0);
INSERT INTO question_sets (id, service_id, version, questions, is_active) VALUES ('a041376e-6b6f-4a19-9bc3-3f2099b46d8f', '17fa5482-d010-4db2-90ef-14b809d61fc2', 1, '[{"position": 1, "text": "What is the material?", "attribute": "MaterialType", "answers": [{"display": "Other", "criteria": "Other"}, {"display": "Leather", "criteria": "Leather"}, {"display": "Wood", "criteria": "Wood"}, {"display": "Fabric", "criteria": "Fabric"}, {"display": "Wicker/Ratan", "criteria": "WickerRatan"}]}]'::jsonb, true);
INSERT INTO services (id, category_id, name, slug, service_code, is_popular, sort_order) VALUES ('f35d9a28-e146-4845-a7cf-b61e3eb6f8ae', 'd46fc3a4-a93a-4f30-bdad-b40bc729c6a1', 'Upholster Furniture', 'upholster-furniture', 'FURNITURE_UPHOLSTER', true, 0);

-- Category: Home Media (4 services)
INSERT INTO services (id, category_id, name, slug, service_code, is_popular, sort_order) VALUES ('b346a10b-123a-4017-b278-87f51137b2fc', '47a3b03b-1724-45eb-a635-989c5dffe8e1', 'Antenna Repair', 'antenna-repair', 'ANTENNA_REPAIR', true, 0);
INSERT INTO services (id, category_id, name, slug, service_code, is_popular, sort_order) VALUES ('415677d9-504c-4ae5-9da8-b3afa6d87816', '47a3b03b-1724-45eb-a635-989c5dffe8e1', 'Mount TV and Installation', 'mount-tv-and-installation', 'MOUNT_TV_INSTALL', true, 0);
INSERT INTO services (id, category_id, name, slug, service_code, is_popular, sort_order) VALUES ('3570cf36-ae77-487d-8911-4feb42a3ca52', '47a3b03b-1724-45eb-a635-989c5dffe8e1', 'Satellite Dish Repair', 'satellite-dish-repair', 'SATELLITE_DISH_REPAIR', true, 0);
INSERT INTO services (id, category_id, name, slug, service_code, is_popular, sort_order) VALUES ('2badadc7-2460-4f24-bcfc-8b0da579611e', '47a3b03b-1724-45eb-a635-989c5dffe8e1', 'TV or Home Theater Repair', 'tv-or-home-theater-repair', 'TV_HOME_THEATER_REPAIR', true, 0);

-- Category: Welders (1 services)
INSERT INTO services (id, category_id, name, slug, service_code, is_popular, sort_order) VALUES ('cd5b014a-877f-4efc-9f8a-4603240ad769', 'bb57863c-c8a8-4ba3-97e5-333ef4b21541', 'Weld or Cut', 'weld-or-cut', 'WELD_CUT_METAL_STRUCTURE', false, 0);
INSERT INTO question_sets (id, service_id, version, questions, is_active) VALUES ('f4454024-9bf5-4890-8785-2433fda230ae', 'cd5b014a-877f-4efc-9f8a-4603240ad769', 1, '[{"position": 1, "text": "What kind of location is this?", "attribute": "LocationType", "answers": [{"display": "Home/Residence", "criteria": "HomeResidence"}, {"display": "Business", "criteria": "Business"}]}]'::jsonb, true);

-- Category: Window Tint (1 services)
INSERT INTO services (id, category_id, name, slug, service_code, is_popular, sort_order) VALUES ('3a78f100-3815-454f-b3ac-2cea5a35e765', '10b4c9b9-bd99-4b10-9b0e-46f11b0d402b', 'Window Tinting - Apply or Replace', 'window-tinting-apply-or-replace', 'WINDOW_TINTING', false, 0);

COMMIT;

-- Summary: 62 categories, 207 services, 90 question sets